name,height,weight,measurements,birthday,constellation,link,pic
大泽惠,162cm,47kg,null,null,双子座,https://baike.baidu.com/item/%E5%A4%A7%E6%B3%BD%E6%83%A0,"https://bkimg.cdn.bcebos.com/pic/10dfa9ec8a136327ab1aa0189a8fa0ec08fac722?x-bce-process=image/resize,m_lfit,w_268,limit_1/format,f_jpg"
美咲沙耶,null,null,null,1985年9月17日,null,https://baike.baidu.com/item/%E7%BE%8E%E5%92%B2%E6%B2%99%E8%80%B6,"https://bkimg.cdn.bcebos.com/pic/f9198618367adab4b31c25ac81d4b31c8601e415?x-bce-process=image/resize,m_lfit,w_268,limit_1/format,f_jpg"
石川铃华,158cm,null,90-56-83,1988年8月17日,null,https://baike.baidu.com/item/%E7%9F%B3%E5%B7%9D%E9%93%83%E5%8D%8E,"https://bkimg.cdn.bcebos.com/pic/8435e5dde71190efd32342d0ce1b9d16fcfa60e1?x-bce-process=image/resize,m_lfit,w_268,limit_1/format,f_jpg"
早见琉璃,167 厘米,null,null,null,null,https://baike.baidu.com/item/%E6%97%A9%E8%A7%81%E7%90%89%E7%92%83,"https://bkimg.cdn.bcebos.com/pic/4d086e061d950a7b822be1f20dd162d9f2d3c9ee?x-bce-process=image/resize,m_lfit,w_268,limit_1/format,f_jpg"
羽田未来,null,null,null,null,null,https://baike.baidu.com/item/%E7%BE%BD%E7%94%B0%E6%9C%AA%E6%9D%A5,"https://bkimg.cdn.bcebos.com/pic/a686c9177f3e67093724c57431c79f3df8dc5511?x-bce-process=image/resize,m_lfit,w_268,limit_1/format,f_jpg"
小泉梨菜,153cm,null,82-56-82 cm,1989年3月3日,null,https://baike.baidu.com/item/%E5%B0%8F%E6%B3%89%E6%A2%A8%E8%8F%9C,"https://bkimg.cdn.bcebos.com/pic/4034970a304e251f1ac7cf6dad86c9177f3e5376?x-bce-process=image/resize,m_lfit,w_268,limit_1/format,f_jpg"
二宫沙树,158cm,null,86.60.86(C cup),1985/04/10,null,https://baike.baidu.com/item/%E4%BA%8C%E5%AE%AB%E6%B2%99%E6%A0%91,"https://bkimg.cdn.bcebos.com/pic/42a98226cffc1e17ac436a4a4290f603728de9c9?x-bce-process=image/resize,m_lfit,w_268,limit_1/format,f_jpg"
星野明,162cm,null,null,1985年8月24日,null,https://baike.baidu.com/item/%E6%98%9F%E9%87%8E%E6%98%8E,"null"
椎名由奈,158cm,null,B88 W58 H85,1986年11月18日,天蝎座,https://baike.baidu.com/item/%E6%A4%8E%E5%90%8D%E7%94%B1%E5%A5%88,"https://bkimg.cdn.bcebos.com/pic/b21bb051f81986188a8e9c7d40ed2e738ad4e67a?x-bce-process=image/resize,m_lfit,w_268,limit_1/format,f_jpg"
青木玲,160cm,null,86/58/86,1984年7月11日,null,https://baike.baidu.com/item/%E9%9D%92%E6%9C%A8%E7%8E%B2,"https://bkimg.cdn.bcebos.com/pic/78310a55b319ebc4d307db6e8226cffc1f1716cd?x-bce-process=image/resize,m_lfit,w_268,limit_1/format,f_jpg"
星艾莉丝,162cm,48kg,100 - 63 - 88 cm,1983年9月12日,null,https://baike.baidu.com/item/%E6%98%9F%E8%89%BE%E8%8E%89%E4%B8%9D,"https://bkimg.cdn.bcebos.com/pic/38dbb6fd5266d016775df61e952bd40735fa35bb?x-bce-process=image/resize,m_lfit,w_268,limit_1/format,f_jpg"
鮎川奈绪,null,null,null,1985年10月25日,null,https://baike.baidu.com/item/%E9%AE%8E%E5%B7%9D%E5%A5%88%E7%BB%AA,"null"
秋川露依,155厘米,null,103 - 60 - 88 cm,1988年8月28日,null,https://baike.baidu.com/item/%E7%A7%8B%E5%B7%9D%E9%9C%B2%E4%BE%9D,"null"
内山遥,161CM,48公斤,84-59-86cm,1987年7月7日,null,https://baike.baidu.com/item/%E5%86%85%E5%B1%B1%E9%81%A5,"https://bkimg.cdn.bcebos.com/pic/bba1cd11728b471057c31e7bc0cec3fdfd03239d?x-bce-process=image/resize,m_lfit,w_268,limit_1/format,f_jpg"
香澄果穗,153cm,null,85-58-82(cm),1984年10月14日,天秤座,https://baike.baidu.com/item/%E9%A6%99%E6%BE%84%E6%9E%9C%E7%A9%97,"https://bkimg.cdn.bcebos.com/pic/ac4bd11373f08202d632f39647fbfbedaa641bf2?x-bce-process=image/resize,m_lfit,w_268,limit_1/format,f_jpg"
麻田有希,155CM,54公斤,null,1989年5月10日,null,https://baike.baidu.com/item/%E9%BA%BB%E7%94%B0%E6%9C%89%E5%B8%8C,"https://bkimg.cdn.bcebos.com/pic/a50f4bfbfbedab64f5d297d6f836afc379311e00?x-bce-process=image/resize,m_lfit,w_268,limit_1/format,f_jpg"
友崎玲,160cm,null,B86 W58 H87,1980年12月2日,射手座,https://baike.baidu.com/item/%E5%8F%8B%E5%B4%8E%E7%8E%B2,"https://bkimg.cdn.bcebos.com/pic/b21bb051f8198618e54eec3449ed2e738bd4e671?x-bce-process=image/resize,m_lfit,w_268,limit_1/format,f_jpg"
春菜花,null,null,null,null,null,https://baike.baidu.com/item/%E6%98%A5%E8%8F%9C%E8%8A%B1,"null"
神咲诗织,161cm,null,B91 W58 H87,1990年8月25日,处女座,https://baike.baidu.com/item/%E7%A5%9E%E5%92%B2%E8%AF%97%E7%BB%87,"https://bkimg.cdn.bcebos.com/pic/267f9e2f0708283894436422b999a9014c08f1be?x-bce-process=image/resize,m_lfit,w_268,limit_1/format,f_jpg"
姬咲莉莉亚,157厘米,null,90-57-85（G杯）,1985年10月10日,null,https://baike.baidu.com/item/%E5%A7%AC%E5%92%B2%E8%8E%89%E8%8E%89%E4%BA%9A,"https://bkimg.cdn.bcebos.com/pic/472309f79052982283c445d2d3ca7bcb0a46d428?x-bce-process=image/resize,m_lfit,w_268,limit_1/format,f_jpg"
AYA,null,null,null,null,null,https://baike.baidu.com/item/AYA,"null"
佐藤美沙,null,null,null,1988年5月21日,null,https://baike.baidu.com/item/%E4%BD%90%E8%97%A4%E7%BE%8E%E6%B2%99,"https://bkimg.cdn.bcebos.com/pic/11385343fbf2b211a0bc97bac08065380dd78eb7?x-bce-process=image/resize,m_lfit,w_268,limit_1/format,f_jpg"
天海翼,160cm,null,85-60-88cm（E-65）,1988年3月8日,null,https://baike.baidu.com/item/%E5%A4%A9%E6%B5%B7%E7%BF%BC,"https://bkimg.cdn.bcebos.com/pic/5d6034a85edf8db1e90a3bb30323dd54574e74c4?x-bce-process=image/resize,m_lfit,w_268,limit_1/format,f_jpg"
西田美沙,156CM,null,88-58-87（F罩杯）,1982年7月21日,巨蟹座,https://baike.baidu.com/item/%E8%A5%BF%E7%94%B0%E7%BE%8E%E6%B2%99,"https://bkimg.cdn.bcebos.com/pic/024f78f0f736afc3bc9e2399b919ebc4b64512bf?x-bce-process=image/resize,m_lfit,w_268,limit_1/format,f_jpg"
心有花,160 cm,null,null,1988年6月20日,null,https://baike.baidu.com/item/%E5%BF%83%E6%9C%89%E8%8A%B1,"https://bkimg.cdn.bcebos.com/pic/472309f7905298225e931ce6d5ca7bcb0a46d476?x-bce-process=image/resize,m_lfit,w_268,limit_1/format,f_jpg"
相户爱,155 厘米,44 公斤,90 - 58 - 85 cm,null,null,https://baike.baidu.com/item/%E7%9B%B8%E6%88%B7%E7%88%B1,"https://bkimg.cdn.bcebos.com/pic/95eef01f3a292df5345a251abb315c6034a87320?x-bce-process=image/resize,m_lfit,w_268,limit_1/format,f_jpg"
平井绫,153CM,null,null,1989年03月08日,null,https://baike.baidu.com/item/%E5%B9%B3%E4%BA%95%E7%BB%AB,"https://bkimg.cdn.bcebos.com/pic/37d3d539b6003af3aedd57b13f2ac65c1138b6f8?x-bce-process=image/resize,m_lfit,w_268,limit_1/format,f_jpg"
速水百花,151厘米,null,94 - 60 - 87 cm,1989-6-30,null,https://baike.baidu.com/item/%E9%80%9F%E6%B0%B4%E7%99%BE%E8%8A%B1,"https://bkimg.cdn.bcebos.com/pic/060828381f30e9246d6d95bd46086e061c95f775?x-bce-process=image/resize,m_lfit,w_268,limit_1/format,f_jpg"
小峰由衣,160cm,null,B/88cm W/59cm H/87cm,null,null,https://baike.baidu.com/item/%E5%B0%8F%E5%B3%B0%E7%94%B1%E8%A1%A3,"https://bkimg.cdn.bcebos.com/pic/c83d70cf3bc79f3d44cad277b8a1cd11728b2949?x-bce-process=image/resize,m_lfit,w_268,limit_1/format,f_jpg"
管野静香,null,null,null,1987年11月13日,null,https://baike.baidu.com/item/%E7%AE%A1%E9%87%8E%E9%9D%99%E9%A6%99,"https://bkimg.cdn.bcebos.com/pic/e850352ac65c10386085d784b0119313b17e89f8?x-bce-process=image/resize,m_lfit,w_268,limit_1/format,f_jpg"
香山圣,160cm,null,B:83cm(C-65) W:58cm H:84cm,1984年11月11日,null,https://baike.baidu.com/item/%E9%A6%99%E5%B1%B1%E5%9C%A3,"https://bkimg.cdn.bcebos.com/pic/eac4b74543a98226341e1a578a82b9014b90ebe7?x-bce-process=image/resize,m_lfit,w_268,limit_1/format,f_jpg"
叶月奈穗,158厘米,null,35 - 22 - 37（H罩）,1984年5月3日,null,https://baike.baidu.com/item/%E5%8F%B6%E6%9C%88%E5%A5%88%E7%A9%97,"https://bkimg.cdn.bcebos.com/pic/58ee3d6d55fbb2fbf0ce1121484a20a44623dc18?x-bce-process=image/resize,m_lfit,w_268,limit_1/format,f_jpg"
川嶋夏树,168 厘米,null,100 - 62 - 93 cm,1979年7月3日,null,https://baike.baidu.com/item/%E5%B7%9D%E5%B6%8B%E5%A4%8F%E6%A0%91,"https://bkimg.cdn.bcebos.com/pic/d31b0ef41bd5ad6e30c5b3fa86cb39dbb6fd3ce6?x-bce-process=image/resize,m_lfit,w_268,limit_1/format,f_jpg"
长泽筑实,160cm,null,null,1985年3月29日,null,https://baike.baidu.com/item/%E9%95%BF%E6%B3%BD%E7%AD%91%E5%AE%9E,"https://bkimg.cdn.bcebos.com/pic/5fdf8db1cb13495487ebcd9d544e9258d0094a55?x-bce-process=image/resize,m_lfit,w_268,limit_1/format,f_jpg"
樱井梨花,null,null,B83(C)cm W54cm H81c,1985年12月04日,null,https://baike.baidu.com/item/%E6%A8%B1%E4%BA%95%E6%A2%A8%E8%8A%B1,"https://bkimg.cdn.bcebos.com/pic/e4dde71190ef76c69ed586bd9716fdfaaf516724?x-bce-process=image/resize,m_lfit,w_268,limit_1/format,f_jpg"
伊藤青叶,153厘米,null,83-60-84 cm（A杯）,1989年6月7日,null,https://baike.baidu.com/item/%E4%BC%8A%E8%97%A4%E9%9D%92%E5%8F%B6,"https://bkimg.cdn.bcebos.com/pic/0b46f21fbe096b63b6b997ad06338744eaf8acaf?x-bce-process=image/resize,m_lfit,w_268,limit_1/format,f_jpg"
伊东遥,160cm,null,81（C罩杯）-58-87,1986年12月13日,射手座,https://baike.baidu.com/item/%E4%BC%8A%E4%B8%9C%E9%81%A5,"https://bkimg.cdn.bcebos.com/pic/f9dcd100baa1cd1170f384d6b912c8fcc2ce2dfa?x-bce-process=image/resize,m_lfit,w_268,limit_1/format,f_jpg"
杏树纱奈,null,null,null,1989年1月14日,null,https://baike.baidu.com/item/%E6%9D%8F%E6%A0%91%E7%BA%B1%E5%A5%88,"https://bkimg.cdn.bcebos.com/pic/562c11dfa9ec8a134220648ef403918fa0ecc0a1?x-bce-process=image/resize,m_lfit,w_268,limit_1/format,f_jpg"
七咲枫花,null,null,null,1988年7月15日,null,https://baike.baidu.com/item/%E4%B8%83%E5%92%B2%E6%9E%AB%E8%8A%B1,"https://bkimg.cdn.bcebos.com/pic/c8ea15ce36d3d539e21dc0773687e950352ab066?x-bce-process=image/resize,m_lfit,w_268,limit_1/format,f_jpg"
爱川香织,163厘米,null,84-60-88cm（D杯）,1987年3月3日,null,https://baike.baidu.com/item/%E7%88%B1%E5%B7%9D%E9%A6%99%E7%BB%87,"https://bkimg.cdn.bcebos.com/pic/ae51f3deb48f8c54727753de30292df5e1fe7f9f?x-bce-process=image/resize,m_lfit,w_268,limit_1/format,f_jpg"
黑泽英里奈,null,null,null,1985年7月18日,null,https://baike.baidu.com/item/%E9%BB%91%E6%B3%BD%E8%8B%B1%E9%87%8C%E5%A5%88,"null"
星野飞鸟,null,null,null,1986年12月5日,null,https://baike.baidu.com/item/%E6%98%9F%E9%87%8E%E9%A3%9E%E9%B8%9F,"https://bkimg.cdn.bcebos.com/pic/a2cc7cd98d1001e9bd68cc9ab20e7bec55e797cb?x-bce-process=image/resize,m_lfit,w_268,limit_1/format,f_jpg"
原明奈,null,null,null,null,null,https://baike.baidu.com/item/%E5%8E%9F%E6%98%8E%E5%A5%88,"null"
辻沙耶香,158cm,null,null,1986年3月20日,null,https://baike.baidu.com/item/%E8%BE%BB%E6%B2%99%E8%80%B6%E9%A6%99,"https://bkimg.cdn.bcebos.com/pic/ac6eddc451da81cbd38455955e66d0160924310c?x-bce-process=image/resize,m_lfit,w_268,limit_1/format,f_jpg"
原田明绘,148cm,null,null,1987年1月22日,null,https://baike.baidu.com/item/%E5%8E%9F%E7%94%B0%E6%98%8E%E7%BB%98,"https://bkimg.cdn.bcebos.com/pic/0823dd54564e9258d8bd3c4b9082d158cdbf4e8d?x-bce-process=image/resize,m_lfit,w_268,limit_1/format,f_jpg"
北川绘美,156cm,null,null,1982年3月24日,null,https://baike.baidu.com/item/%E5%8C%97%E5%B7%9D%E7%BB%98%E7%BE%8E,"https://bkimg.cdn.bcebos.com/pic/242dd42a2834349b7ba38aefc2ea15ce36d3be37?x-bce-process=image/resize,m_lfit,w_268,limit_1/format,f_jpg"
小林爱弓,null,null,null,1985年9月20日,null,https://baike.baidu.com/item/%E5%B0%8F%E6%9E%97%E7%88%B1%E5%BC%93,"https://bkimg.cdn.bcebos.com/pic/c9fcc3cec3fdfc03dc29a235de3f8794a5c226ed?x-bce-process=image/resize,m_lfit,w_268,limit_1/format,f_jpg"
大泽美加,154cm,null,null,1991年2月23日,双鱼座,https://baike.baidu.com/item/%E5%A4%A7%E6%B3%BD%E7%BE%8E%E5%8A%A0,"https://bkimg.cdn.bcebos.com/pic/18d8bc3eb13533fa7ec9156fa8d3fd1f41345b70?x-bce-process=image/resize,m_lfit,w_268,limit_1/format,f_jpg"
吉冈美奈,163厘米,null,86-58-86cm（D罩）,1973年6月23日,null,https://baike.baidu.com/item/%E5%90%89%E5%86%88%E7%BE%8E%E5%A5%88,"https://bkimg.cdn.bcebos.com/pic/8326cffc1e178a8284708816f503738da977e83c?x-bce-process=image/resize,m_lfit,w_268,limit_1/format,f_jpg"
铃木里美,148 厘米,null,B90、W58、H84,1988年9月12日,null,https://baike.baidu.com/item/%E9%93%83%E6%9C%A8%E9%87%8C%E7%BE%8E,"null"
北条麻妃,168cm,null,86-58-90cm,1974年3月26日,null,https://baike.baidu.com/item/%E5%8C%97%E6%9D%A1%E9%BA%BB%E5%A6%83,"https://bkimg.cdn.bcebos.com/pic/b17eca8065380cd7b2dead6cad44ad345882816a?x-bce-process=image/resize,m_lfit,w_268,limit_1/format,f_jpg"
神谷姬,null,null,null,1985年5月24日,null,https://baike.baidu.com/item/%E7%A5%9E%E8%B0%B7%E5%A7%AC,"https://bkimg.cdn.bcebos.com/pic/2934349b033b5bb59e58eaf136d3d539b600bc36?x-bce-process=image/resize,m_lfit,w_268,limit_1/format,f_jpg"
神河美音,158 厘米(2010年检查),null,81 - 58 - 83 cm(2010年检查),1989年5月6日,null,https://baike.baidu.com/item/%E7%A5%9E%E6%B2%B3%E7%BE%8E%E9%9F%B3,"https://bkimg.cdn.bcebos.com/pic/1b4c510fd9f9d72a9647746edc2a2834349bbba6?x-bce-process=image/resize,m_lfit,w_268,limit_1/format,f_jpg"
筱惠美,169CM,50kg,79-58-85 cm,1990年9月8日,null,https://baike.baidu.com/item/%E7%AD%B1%E6%83%A0%E7%BE%8E,"https://bkimg.cdn.bcebos.com/pic/8ad4b31c8701a18b257a55b59e2f07082938feb3?x-bce-process=image/resize,m_lfit,w_268,limit_1/format,f_jpg"
大浦安娜,157cm [2],null,null,1980年5月30日,双子座,https://baike.baidu.com/item/%E5%A4%A7%E6%B5%A6%E5%AE%89%E5%A8%9C,"https://bkimg.cdn.bcebos.com/pic/ac345982b2b7d0a2310618b6c1ef76094a369ac9?x-bce-process=image/resize,m_lfit,w_268,limit_1/format,f_jpg"
三浦亚沙妃,167CM,40公斤,85 - 58 - 86 cm,1978年2月22日,null,https://baike.baidu.com/item/%E4%B8%89%E6%B5%A6%E4%BA%9A%E6%B2%99%E5%A6%83,"https://bkimg.cdn.bcebos.com/pic/72f082025aafa40f6070474ba164034f79f019f5?x-bce-process=image/resize,m_lfit,w_268,limit_1/format,f_jpg"
ASUKA,null,null,null,null,null,https://baike.baidu.com/item/ASUKA,"null"
泽木树里,null,null,null,null,null,https://baike.baidu.com/item/%E6%B3%BD%E6%9C%A8%E6%A0%91%E9%87%8C,"null"
周防雪子,null,null,null,1988年12月3日,null,https://baike.baidu.com/item/%E5%91%A8%E9%98%B2%E9%9B%AA%E5%AD%90,"https://bkimg.cdn.bcebos.com/pic/d833c895d143ad4b446839e38f025aafa40f064a?x-bce-process=image/resize,m_lfit,w_268,limit_1/format,f_jpg"
波多野结衣,163cm,null,null,1988年05月24日,null,https://baike.baidu.com/item/%E6%B3%A2%E5%A4%9A%E9%87%8E%E7%BB%93%E8%A1%A3,"https://bkimg.cdn.bcebos.com/pic/fd039245d688d43f63d84526771ed21b0ff43bf5?x-bce-process=image/resize,m_lfit,w_268,limit_1/format,f_jpg"
冬月枫,163CM,null,B84、W58、H84,1988年09月14日,null,https://baike.baidu.com/item/%E5%86%AC%E6%9C%88%E6%9E%AB,"https://bkimg.cdn.bcebos.com/pic/fcfaaf51f3deb48fc91cd70afa1f3a292cf578e8?x-bce-process=image/resize,m_lfit,w_268,limit_1/format,f_jpg"
大冢咲,158 cm,null,90 - 58 - 85 cm,1984年10月1日,天秤座,https://baike.baidu.com/item/%E5%A4%A7%E5%86%A2%E5%92%B2,"https://bkimg.cdn.bcebos.com/pic/d31b0ef41bd5ad6e39fda08380cb39dbb6fd3c57?x-bce-process=image/resize,m_lfit,w_268,limit_1/format,f_jpg"
天宫真奈美,163 cm,null,86 - 58 - 85 cm,1984-06-06,null,https://baike.baidu.com/item/%E5%A4%A9%E5%AE%AB%E7%9C%9F%E5%A5%88%E7%BE%8E,"https://bkimg.cdn.bcebos.com/pic/b21bb051f8198618fb52ef1240ed2e738bd4e60b?x-bce-process=image/resize,m_lfit,w_268,limit_1/format,f_jpg"
原千寻,168cm,null,85-59-88,1984年5月22日,null,https://baike.baidu.com/item/%E5%8E%9F%E5%8D%83%E5%AF%BB,"https://bkimg.cdn.bcebos.com/pic/8694a4c27d1ed21bd8bfe6eaad6eddc451da3f4f?x-bce-process=image/resize,m_lfit,w_268,limit_1/format,f_jpg"
叶志穗,159CM,44公斤,null,1988年8月22日,null,https://baike.baidu.com/item/%E5%8F%B6%E5%BF%97%E7%A9%97,"https://bkimg.cdn.bcebos.com/pic/a1ec08fa513d2697ad1309a95ffbb2fb4216d806?x-bce-process=image/resize,m_lfit,w_268,limit_1/format,f_jpg"
濑奈凉,162cm,null,null,1985年7月15日,null,https://baike.baidu.com/item/%E6%BF%91%E5%A5%88%E5%87%89,"https://bkimg.cdn.bcebos.com/pic/cefc1e178a82b901b52a0b20748da9773912ef1b?x-bce-process=image/resize,m_lfit,w_268,limit_1/format,f_jpg"
相泽唯衣,163CM,null,B90cm (F-Cup) / 63cm/ 90cm,1985年12月06日,null,https://baike.baidu.com/item/%E7%9B%B8%E6%B3%BD%E5%94%AF%E8%A1%A3,"https://bkimg.cdn.bcebos.com/pic/aa18972bd40735fa70273e3d99510fb30e24085a?x-bce-process=image/resize,m_lfit,w_268,limit_1/format,f_jpg"
广濑由奈,160厘米,null,93 - 60 - 93 cm（G）,1988年3月15日,null,https://baike.baidu.com/item/%E5%B9%BF%E6%BF%91%E7%94%B1%E5%A5%88,"https://bkimg.cdn.bcebos.com/pic/2cf5e0fe9925bc31e268ed805ddf8db1cb1370f5?x-bce-process=image/resize,m_lfit,w_268,limit_1/format,f_jpg"
小坂惠,null,null,null,1986年8月8日,null,https://baike.baidu.com/item/%E5%B0%8F%E5%9D%82%E6%83%A0,"https://bkimg.cdn.bcebos.com/pic/359b033b5bb5c9ea155a611ed539b6003bf3b3a5?x-bce-process=image/resize,m_lfit,w_268,limit_1/format,f_jpg"
翼裕香,null,null,null,1987年2月10日,null,https://baike.baidu.com/item/%E7%BF%BC%E8%A3%95%E9%A6%99,"https://bkimg.cdn.bcebos.com/pic/023b5bb5c9ea15ce2d67ee21b4003af33a87b208?x-bce-process=image/resize,m_lfit,w_268,limit_1/format,f_jpg"
叶山润子,155CM,40公斤,83 - 56 - 83 cm,1988年1月24日,null,https://baike.baidu.com/item/%E5%8F%B6%E5%B1%B1%E6%B6%A6%E5%AD%90,"https://bkimg.cdn.bcebos.com/pic/7acb0a46f21fbe098e7296ed6b600c338744ad1f?x-bce-process=image/resize,m_lfit,w_268,limit_1/format,f_jpg"
绫濑美音,null,null,null,1988年2月14日,null,https://baike.baidu.com/item/%E7%BB%AB%E6%BF%91%E7%BE%8E%E9%9F%B3,"null"
朝日奈明,160cm,null,B:85cm(E) W:59cm H:85cm,1988年5月30日,null,https://baike.baidu.com/item/%E6%9C%9D%E6%97%A5%E5%A5%88%E6%98%8E,"https://bkimg.cdn.bcebos.com/pic/9d82d158ccbf6c81c4494341b03eb13533fa4018?x-bce-process=image/resize,m_lfit,w_268,limit_1/format,f_jpg"
青空小夏,1.52米,null,B98（G罩杯） W58 H84,1989年7月26日,null,https://baike.baidu.com/item/%E9%9D%92%E7%A9%BA%E5%B0%8F%E5%A4%8F,"https://bkimg.cdn.bcebos.com/pic/b58f8c5494eef01ff30ae9cbe8fe9925bc317da6?x-bce-process=image/resize,m_lfit,w_268,limit_1/format,f_jpg"
麻仓忧,160cm,null,null,1989年12月24日,null,https://baike.baidu.com/item/%E9%BA%BB%E4%BB%93%E5%BF%A7,"https://bkimg.cdn.bcebos.com/pic/0eb30f2442a7d933b8cfbea6a74bd11372f001fb?x-bce-process=image/resize,m_lfit,w_268,limit_1/format,f_jpg"
木村那美,150厘米,null,null,1986年12月14日,null,https://baike.baidu.com/item/%E6%9C%A8%E6%9D%91%E9%82%A3%E7%BE%8E,"null"
村上里沙,167CM,null,B86(D)、W58、H86,1983年05月24日,双子座,https://baike.baidu.com/item/%E6%9D%91%E4%B8%8A%E9%87%8C%E6%B2%99,"https://bkimg.cdn.bcebos.com/pic/b219ebc4b74543a96bf0dc521c178a82b8011440?x-bce-process=image/resize,m_lfit,w_268,limit_1/format,f_jpg"
田中亚弥,null,null,null,1979年8月20日,null,https://baike.baidu.com/item/%E7%94%B0%E4%B8%AD%E4%BA%9A%E5%BC%A5,"https://bkimg.cdn.bcebos.com/pic/ae51f3deb48f8c54c83cc1e33c292df5e1fe7f0a?x-bce-process=image/resize,m_lfit,w_268,limit_1/format,f_jpg"
泷泽萝拉,172 cm,null,null,1992年6月,null,https://baike.baidu.com/item/%E6%B3%B7%E6%B3%BD%E8%90%9D%E6%8B%89,"https://bkimg.cdn.bcebos.com/pic/37d3d539b6003af3543e0d243f2ac65c1138b6ea?x-bce-process=image/resize,m_lfit,w_268,limit_1/format,f_jpg"
花鸟丽,null,null,null,null,null,https://baike.baidu.com/item/%E8%8A%B1%E9%B8%9F%E4%B8%BD,"null"
小向美奈子,164厘米,null,B90、W58、H85,1985年5月27日,null,https://baike.baidu.com/item/%E5%B0%8F%E5%90%91%E7%BE%8E%E5%A5%88%E5%AD%90,"https://bkimg.cdn.bcebos.com/pic/9c16fdfaaf51f3de9b2eee1094eef01f3a297921?x-bce-process=image/resize,m_lfit,w_268,limit_1/format,f_jpg"
天衣美津,null,null,null,1984年12月22日,null,https://baike.baidu.com/item/%E5%A4%A9%E8%A1%A3%E7%BE%8E%E6%B4%A5,"https://bkimg.cdn.bcebos.com/pic/5ab5c9ea15ce36d3c52ef56b3cf33a87e950b146?x-bce-process=image/resize,m_lfit,w_268,limit_1/format,f_jpg"
JULIA,null,null,null,null,null,https://baike.baidu.com/item/JULIA,"null"
早坂瞳,null,48公斤,83-58-85,1982年6月28日,null,https://baike.baidu.com/item/%E6%97%A9%E5%9D%82%E7%9E%B3,"https://bkimg.cdn.bcebos.com/pic/a044ad345982b2b7148dad363badcbef76099b36?x-bce-process=image/resize,m_lfit,w_268,limit_1/format,f_jpg"
樱井莉亚,152cm,null,80-56-82 cm,1989年07月19日,null,https://baike.baidu.com/item/%E6%A8%B1%E4%BA%95%E8%8E%89%E4%BA%9A,"https://bkimg.cdn.bcebos.com/pic/3812b31bb051f8192de760e1d0b44aed2f73e75f?x-bce-process=image/resize,m_lfit,w_268,limit_1/format,f_jpg"
横山美雪,156cm,null,null,1989年11月15日,null,https://baike.baidu.com/item/%E6%A8%AA%E5%B1%B1%E7%BE%8E%E9%9B%AA,"https://bkimg.cdn.bcebos.com/pic/83025aafa40f4bfb9b95243c004f78f0f7361814?x-bce-process=image/resize,m_lfit,w_268,limit_1/format,f_jpg"
相田纱耶香,163cm,null,B88（F）-W58-H87,1988年3月5日,null,https://baike.baidu.com/item/%E7%9B%B8%E7%94%B0%E7%BA%B1%E8%80%B6%E9%A6%99,"https://bkimg.cdn.bcebos.com/pic/f603918fa0ec08fa5817012859ee3d6d55fbda2d?x-bce-process=image/resize,m_lfit,w_268,limit_1/format,f_jpg"
青山雪菜,158CM,44公斤,91 - 62 - 86 cm,1983年12月14日,null,https://baike.baidu.com/item/%E9%9D%92%E5%B1%B1%E9%9B%AA%E8%8F%9C,"https://bkimg.cdn.bcebos.com/pic/a2cc7cd98d1001e93f7e54f1b80e7bec55e79789?x-bce-process=image/resize,m_lfit,w_268,limit_1/format,f_jpg"
大岛理子,157厘米,null,null,1989年11月11日,null,https://baike.baidu.com/item/%E5%A4%A7%E5%B2%9B%E7%90%86%E5%AD%90,"https://bkimg.cdn.bcebos.com/pic/aa18972bd40735fafe7bb3c39c510fb30e2408c4?x-bce-process=image/resize,m_lfit,w_268,limit_1/format,f_jpg"
松本麻里奈,null,null,null,1969年6月9日,null,https://baike.baidu.com/item/%E6%9D%BE%E6%9C%AC%E9%BA%BB%E9%87%8C%E5%A5%88,"null"
纱仓真菜,160cm [1],null,null,1993年3月23日 [1],null,https://baike.baidu.com/item/%E7%BA%B1%E4%BB%93%E7%9C%9F%E8%8F%9C,"https://bkimg.cdn.bcebos.com/pic/d31b0ef41bd5ad6e63275f7f8bcb39dbb7fd3c4c?x-bce-process=image/resize,m_lfit,w_268,limit_1/format,f_jpg"
渡濑晶,168cm,47kg,35.24.34,1980年7月2日,巨蟹座,https://baike.baidu.com/item/%E6%B8%A1%E6%BF%91%E6%99%B6,"https://bkimg.cdn.bcebos.com/pic/37d3d539b6003af3617de810352ac65c1138b6fe?x-bce-process=image/resize,m_lfit,w_268,limit_1/format,f_jpg"
若菜光,159cm,null,null,1985年3月6日,双鱼座,https://baike.baidu.com/item/%E8%8B%A5%E8%8F%9C%E5%85%89,"https://bkimg.cdn.bcebos.com/pic/e824b899a9014c082a3ad317067b02087bf4f47b?x-bce-process=image/resize,m_lfit,w_268,limit_1/format,f_jpg"
日向真昼,null,null,null,null,null,https://baike.baidu.com/item/%E6%97%A5%E5%90%91%E7%9C%9F%E6%98%BC,"https://bkimg.cdn.bcebos.com/pic/bd3eb13533fa828bcb4ae9f4ff1f4134970a5abf?x-bce-process=image/resize,m_lfit,w_268,limit_1/format,f_jpg"
平泽里菜子,156CM,null,80、58、82（CM）,1983年05月18日,金牛座,https://baike.baidu.com/item/%E5%B9%B3%E6%B3%BD%E9%87%8C%E8%8F%9C%E5%AD%90,"https://bkimg.cdn.bcebos.com/pic/91529822720e0cf3f6486c800246f21fbe09aa09?x-bce-process=image/resize,m_lfit,w_268,limit_1/format,f_jpg"
绫波优,167cm,null,null,1989-04-01,牡羊座,https://baike.baidu.com/item/%E7%BB%AB%E6%B3%A2%E4%BC%98,"null"
小峰日向,153厘米,null,93 - 59 - 88（G杯）,1986年6月28日,null,https://baike.baidu.com/item/%E5%B0%8F%E5%B3%B0%E6%97%A5%E5%90%91,"https://bkimg.cdn.bcebos.com/pic/29381f30e924b899677c07886d061d950a7bf63a?x-bce-process=image/resize,m_lfit,w_268,limit_1/format,f_jpg"
羽田爱,169.5CM,null,B90、W55、H85,1989年9月22日,null,https://baike.baidu.com/item/%E7%BE%BD%E7%94%B0%E7%88%B1,"https://bkimg.cdn.bcebos.com/pic/b2de9c82d158ccbfb5d54e1d1bd8bc3eb13541a8?x-bce-process=image/resize,m_lfit,w_268,limit_1/format,f_jpg"
水城奈绪,null,null,null,1984年9月18日,null,https://baike.baidu.com/item/%E6%B0%B4%E5%9F%8E%E5%A5%88%E7%BB%AA,"null"
红音萤,157cm,null,null,1983年10月25日,天蝎座,https://baike.baidu.com/item/%E7%BA%A2%E9%9F%B3%E8%90%A4,"https://bkimg.cdn.bcebos.com/pic/267f9e2f07082838cea6d068b799a9014c08f127?x-bce-process=image/resize,m_lfit,w_268,limit_1/format,f_jpg"
新村爱,null,null,null,1986年6月26日,null,https://baike.baidu.com/item/%E6%96%B0%E6%9D%91%E7%88%B1,"https://bkimg.cdn.bcebos.com/pic/faedab64034f78f0b18b06dc7e310a55b3191c18?x-bce-process=image/resize,m_lfit,w_268,limit_1/format,f_jpg"
伊泽千夏,163 cm,null,82 - 58 - 88,1985年7月14日,null,https://baike.baidu.com/item/%E4%BC%8A%E6%B3%BD%E5%8D%83%E5%A4%8F,"https://bkimg.cdn.bcebos.com/pic/4ec2d5628535e5dd111801b877c6a7efce1b62a5?x-bce-process=image/resize,m_lfit,w_268,limit_1/format,f_jpg"
加护范子,null,null,null,1988年7月16日,null,https://baike.baidu.com/item/%E5%8A%A0%E6%8A%A4%E8%8C%83%E5%AD%90,"https://bkimg.cdn.bcebos.com/pic/c995d143ad4bd11350624b545bafa40f4bfb052c?x-bce-process=image/resize,m_lfit,w_268,limit_1/format,f_jpg"
长泽梓,162cm,null,null,1988年12月30日,null,https://baike.baidu.com/item/%E9%95%BF%E6%B3%BD%E6%A2%93,"https://bkimg.cdn.bcebos.com/pic/b999a9014c086e0649c3c36500087bf40ad1cbb1?x-bce-process=image/resize,m_lfit,w_268,limit_1/format,f_jpg"
乙音奈奈,null,null,null,1986.5.24,null,https://baike.baidu.com/item/%E4%B9%99%E9%9F%B3%E5%A5%88%E5%A5%88,"https://bkimg.cdn.bcebos.com/pic/79f0f736afc379313b790da5e1c4b74543a9112c?x-bce-process=image/resize,m_lfit,w_268,limit_1/format,f_jpg"
白咲舞,null,null,null,1988年11月5日,天蝎座,https://baike.baidu.com/item/%E7%99%BD%E5%92%B2%E8%88%9E,"https://bkimg.cdn.bcebos.com/pic/caef76094b36acaf29e0c1d671d98d1001e99c93?x-bce-process=image/resize,m_lfit,w_268,limit_1/format,f_jpg"
希美真由,153cm,null,84C - 60 - 85 cm,1989.10.05,天秤座,https://baike.baidu.com/item/%E5%B8%8C%E7%BE%8E%E7%9C%9F%E7%94%B1,"https://bkimg.cdn.bcebos.com/pic/b8389b504fc2d56281516598e51190ef76c66c6d?x-bce-process=image/resize,m_lfit,w_268,limit_1/format,f_jpg"
黑木麻衣,168cm,null,90.57.88(F cup),1983年10月21日,天秤座,https://baike.baidu.com/item/%E9%BB%91%E6%9C%A8%E9%BA%BB%E8%A1%A3,"https://bkimg.cdn.bcebos.com/pic/a8014c086e061d95b5af58007cf40ad162d9ca19?x-bce-process=image/resize,m_lfit,w_268,limit_1/format,f_jpg"
爱音真寻,null,null,null,1991-01-17,null,https://baike.baidu.com/item/%E7%88%B1%E9%9F%B3%E7%9C%9F%E5%AF%BB,"https://bkimg.cdn.bcebos.com/pic/023b5bb5c9ea15ced1e7ba2cb4003af33a87b28e?x-bce-process=image/resize,m_lfit,w_268,limit_1/format,f_jpg"
松野由井,165cm,48kg,null,1985年11月1日,天蝎座,https://baike.baidu.com/item/%E6%9D%BE%E9%87%8E%E7%94%B1%E4%BA%95,"https://bkimg.cdn.bcebos.com/pic/9e3df8dcd100baa1e3fdfd824010b912c8fc2e31?x-bce-process=image/resize,m_lfit,w_268,limit_1/format,f_jpg"
和叶美玲,null,null,null,null,null,https://baike.baidu.com/item/%E5%92%8C%E5%8F%B6%E7%BE%8E%E7%8E%B2,"https://bkimg.cdn.bcebos.com/pic/42a98226cffc1e178d3056d64190f603728de94e?x-bce-process=image/resize,m_lfit,w_268,limit_1/format,f_jpg"
麻美由真,158CM,43KG,B96-W58-H88,1987年3月24日,白羊座,https://baike.baidu.com/item/%E9%BA%BB%E7%BE%8E%E7%94%B1%E7%9C%9F,"https://bkimg.cdn.bcebos.com/pic/08f790529822720eeaa58fea7acb0a46f21fabb3?x-bce-process=image/resize,m_lfit,w_268,limit_1/format,f_jpg"
日野雫,null,null,null,1986年6月28日,null,https://baike.baidu.com/item/%E6%97%A5%E9%87%8E%E9%9B%AB,"https://bkimg.cdn.bcebos.com/pic/9f2f070828381f30c3ae5e3ca3014c086f06f0f4?x-bce-process=image/resize,m_lfit,w_268,limit_1/format,f_jpg"
爱泽莲,163cm,null,B86 W55 H84,1986.5.12,null,https://baike.baidu.com/item/%E7%88%B1%E6%B3%BD%E8%8E%B2,"https://bkimg.cdn.bcebos.com/pic/8b82b9014a90f603af2ab6ad3312b31bb151ed46?x-bce-process=image/resize,m_lfit,w_268,limit_1/format,f_jpg"
早川濑里奈,160cm,45kg,86、57、83,1986年2月4日,水瓶座,https://baike.baidu.com/item/%E6%97%A9%E5%B7%9D%E6%BF%91%E9%87%8C%E5%A5%88,"https://bkimg.cdn.bcebos.com/pic/4ec2d5628535e5ddf35afa087cc6a7efcf1b62f6?x-bce-process=image/resize,m_lfit,w_268,limit_1/format,f_jpg"
铃木茶织,null,null,null,1988年10月11日,null,https://baike.baidu.com/item/%E9%93%83%E6%9C%A8%E8%8C%B6%E7%BB%87,"https://bkimg.cdn.bcebos.com/pic/7acb0a46f21fbe09cac1543269600c338744ad7d?x-bce-process=image/resize,m_lfit,w_268,limit_1/format,f_jpg"
阿立未来,162CM,57公斤,82 - 56 - 83 cm,1980年2月28日,null,https://baike.baidu.com/item/%E9%98%BF%E7%AB%8B%E6%9C%AA%E6%9D%A5,"https://bkimg.cdn.bcebos.com/pic/79f0f736afc37931c6ff90fde1c4b74542a9114a?x-bce-process=image/resize,m_lfit,w_268,limit_1/format,f_jpg"
筱原凉,null,null,null,null,null,https://baike.baidu.com/item/%E7%AD%B1%E5%8E%9F%E5%87%89,"null"
雨宫琴音,170CM,null,B87、W56·、H83,1988年03月30日,白羊座,https://baike.baidu.com/item/%E9%9B%A8%E5%AE%AB%E7%90%B4%E9%9F%B3,"https://bkimg.cdn.bcebos.com/pic/3b292df5e0fe99251306b65f34a85edf8db171b3?x-bce-process=image/resize,m_lfit,w_268,limit_1/format,f_jpg"
初美理音,151cm,null,null,1989年3月25日,白羊座,https://baike.baidu.com/item/%E5%88%9D%E7%BE%8E%E7%90%86%E9%9F%B3,"https://bkimg.cdn.bcebos.com/pic/4bed2e738bd4b31cd508172e8dd6277f9e2ff86b?x-bce-process=image/resize,m_lfit,w_268,limit_1/format,f_jpg"
一条爱美,157 厘米,null,88 - 57 - 87 cm,1988年2月20日,null,https://baike.baidu.com/item/%E4%B8%80%E6%9D%A1%E7%88%B1%E7%BE%8E,"null"
青木莉子,null,null,92-58-86,1986年7月4日,null,https://baike.baidu.com/item/%E9%9D%92%E6%9C%A8%E8%8E%89%E5%AD%90,"https://bkimg.cdn.bcebos.com/pic/09fa513d269759eef00f0bb0bafb43166d22df6a?x-bce-process=image/resize,m_lfit,w_268,limit_1/format,f_jpg"
高原智美,155cm,null,null,1985年10月7日,null,https://baike.baidu.com/item/%E9%AB%98%E5%8E%9F%E6%99%BA%E7%BE%8E,"https://bkimg.cdn.bcebos.com/pic/1e30e924b899a901a160464d15950a7b0208f570?x-bce-process=image/resize,m_lfit,w_268,limit_1/format,f_jpg"
朝河兰,158CM,47KG [5],86、58、85（CM）,1980年09月04日 [5],处女座 [5],https://baike.baidu.com/item/%E6%9C%9D%E6%B2%B3%E5%85%B0,"https://bkimg.cdn.bcebos.com/pic/f2deb48f8c5494eeef3e51e027f5e0fe99257e2e?x-bce-process=image/resize,m_lfit,w_268,limit_1/format,f_jpg"
桃子美优,null,null,null,1985年12月25日,null,https://baike.baidu.com/item/%E6%A1%83%E5%AD%90%E7%BE%8E%E4%BC%98,"https://bkimg.cdn.bcebos.com/pic/aa64034f78f0f736a13a9f250955b319eac413c9?x-bce-process=image/resize,m_lfit,w_268,limit_1/format,f_jpg"
坂田美影,null,null,null,1981年5月16日,null,https://baike.baidu.com/item/%E5%9D%82%E7%94%B0%E7%BE%8E%E5%BD%B1,"null"
樱心美,155cm,43kg,B86 W55 H93,1988年12月15日,null,https://baike.baidu.com/item/%E6%A8%B1%E5%BF%83%E7%BE%8E,"https://bkimg.cdn.bcebos.com/pic/9345d688d43f8794630d808dde1b0ef41ad53aa7?x-bce-process=image/resize,m_lfit,w_268,limit_1/format,f_jpg"
范田纱纱,null,null,null,1983年4月18日,null,https://baike.baidu.com/item/%E8%8C%83%E7%94%B0%E7%BA%B1%E7%BA%B1,"https://bkimg.cdn.bcebos.com/pic/7c1ed21b0ef41bd583e341315ada81cb38db3d46?x-bce-process=image/resize,m_lfit,w_268,limit_1/format,f_jpg"
中岛京子,null,null,null,null,null,https://baike.baidu.com/item/%E4%B8%AD%E5%B2%9B%E4%BA%AC%E5%AD%90,"null"
种村美咲,157cm,null,null,1990年11月7日,null,https://baike.baidu.com/item/%E7%A7%8D%E6%9D%91%E7%BE%8E%E5%92%B2,"https://bkimg.cdn.bcebos.com/pic/bf096b63f6246b60615d56f8e1f81a4c500fa2ef?x-bce-process=image/resize,m_lfit,w_268,limit_1/format,f_jpg"
草莓牛奶,null,null,null,null,null,https://baike.baidu.com/item/%E8%8D%89%E8%8E%93%E7%89%9B%E5%A5%B6,"null"
天海丽,150 cm,null,null,1984年3月28日,白羊座,https://baike.baidu.com/item/%E5%A4%A9%E6%B5%B7%E4%B8%BD,"https://bkimg.cdn.bcebos.com/pic/0df431adcbef76095c13f19f2edda3cc7cd99e91?x-bce-process=image/resize,m_lfit,w_268,limit_1/format,f_jpg"
相崎琴音,165CM,null,82B-57W-83H（CM）,1986年10月08日,null,https://baike.baidu.com/item/%E7%9B%B8%E5%B4%8E%E7%90%B4%E9%9F%B3,"https://bkimg.cdn.bcebos.com/pic/c995d143ad4bd1138f3873fa5aafa40f4afb0505?x-bce-process=image/resize,m_lfit,w_268,limit_1/format,f_jpg"
神谷美雪,150cm,null,80 58 86cm,1982年5月2日,null,https://baike.baidu.com/item/%E7%A5%9E%E8%B0%B7%E7%BE%8E%E9%9B%AA,"https://bkimg.cdn.bcebos.com/pic/80cb39dbb6fd5266a8865423ac18972bd4073653?x-bce-process=image/resize,m_lfit,w_268,limit_1/format,f_jpg"
高树圣良,null,null,null,1988年5月6日,null,https://baike.baidu.com/item/%E9%AB%98%E6%A0%91%E5%9C%A3%E8%89%AF,"null"
北岛玲,null,null,null,null,null,https://baike.baidu.com/item/%E5%8C%97%E5%B2%9B%E7%8E%B2,"https://bkimg.cdn.bcebos.com/pic/902397dda144ad34cd6d6646d5a20cf430ad8525?x-bce-process=image/resize,m_lfit,w_268,limit_1/format,f_jpg"
原小雪,168cm,91cm,null,1984年12月21日,null,https://baike.baidu.com/item/%E5%8E%9F%E5%B0%8F%E9%9B%AA,"https://bkimg.cdn.bcebos.com/pic/f9dcd100baa1cd11fe6868cbb312c8fcc2ce2d7a?x-bce-process=image/resize,m_lfit,w_268,limit_1/format,f_jpg"
朝比奈琉依,170厘米,null,87-58-89cm（E罩）,1978年10月12日,null,https://baike.baidu.com/item/%E6%9C%9D%E6%AF%94%E5%A5%88%E7%90%89%E4%BE%9D,"https://bkimg.cdn.bcebos.com/pic/a8773912b31bb05195331c73357adab44aede052?x-bce-process=image/resize,m_lfit,w_268,limit_1/format,f_jpg"
水元优奈,null,null,null,1983年,null,https://baike.baidu.com/item/%E6%B0%B4%E5%85%83%E4%BC%98%E5%A5%88,"https://bkimg.cdn.bcebos.com/pic/7e3e6709c93d70cf01c71af7f8dcd100baa12b0e?x-bce-process=image/resize,m_lfit,w_268,limit_1/format,f_jpg"
松生彩,null,null,null,1989年12月14日,null,https://baike.baidu.com/item/%E6%9D%BE%E7%94%9F%E5%BD%A9,"https://bkimg.cdn.bcebos.com/pic/aa18972bd40735fafdbac28f90510fb30f2408b9?x-bce-process=image/resize,m_lfit,w_268,limit_1/format,f_jpg"
小日向优,null,null,null,1986年12月20日,null,https://baike.baidu.com/item/%E5%B0%8F%E6%97%A5%E5%90%91%E4%BC%98,"https://bkimg.cdn.bcebos.com/pic/77094b36acaf2edd253c970c8b1001e938019302?x-bce-process=image/resize,m_lfit,w_268,limit_1/format,f_jpg"
若宫莉那,160cm,null,B92cm W60cm H86cm,1985年6月1日,双子座,https://baike.baidu.com/item/%E8%8B%A5%E5%AE%AB%E8%8E%89%E9%82%A3,"https://bkimg.cdn.bcebos.com/pic/d62a6059252dd42a684a3c73093b5bb5c8eab8a2?x-bce-process=image/resize,m_lfit,w_268,limit_1/format,f_jpg"
上原瑞穗,160cm,null,B85 W58 H80,null,处女座,https://baike.baidu.com/item/%E4%B8%8A%E5%8E%9F%E7%91%9E%E7%A9%97,"https://bkimg.cdn.bcebos.com/pic/d043ad4bd11373f08202c70b9c465cfbfbedab64ae44?x-bce-process=image/resize,m_lfit,w_268,limit_1/format,f_jpg"
若林树里,165CM,null,83、58、83,1981年3月15日,null,https://baike.baidu.com/item/%E8%8B%A5%E6%9E%97%E6%A0%91%E9%87%8C,"null"
爱川美里菜,162cm,null,B84cm W 58cm H86cm,1987年12月19日,null,https://baike.baidu.com/item/%E7%88%B1%E5%B7%9D%E7%BE%8E%E9%87%8C%E8%8F%9C,"https://bkimg.cdn.bcebos.com/pic/faf2b2119313b07e8044779d06d7912396dd8cad?x-bce-process=image/resize,m_lfit,w_268,limit_1/format,f_jpg"
芹泽直美,null,null,null,1982年3月19日,null,https://baike.baidu.com/item/%E8%8A%B9%E6%B3%BD%E7%9B%B4%E7%BE%8E,"https://bkimg.cdn.bcebos.com/pic/cb8065380cd791233aeb12eca7345982b2b7801b?x-bce-process=image/resize,m_lfit,w_268,limit_1/format,f_jpg"
唯川纯,null,null,null,null,null,https://baike.baidu.com/item/%E5%94%AF%E5%B7%9D%E7%BA%AF,"null"
黑川绮罗,157 cm,null,95 – 58 – 87 cm,1988年7月15日,null,https://baike.baidu.com/item/%E9%BB%91%E5%B7%9D%E7%BB%AE%E7%BD%97,"https://bkimg.cdn.bcebos.com/pic/8694a4c27d1ed21b2de0bd70a76eddc451da3f7d?x-bce-process=image/resize,m_lfit,w_268,limit_1/format,f_jpg"
大桥未久,158厘米,null,null,1987年12月24日,摩羯座,https://baike.baidu.com/item/%E5%A4%A7%E6%A1%A5%E6%9C%AA%E4%B9%85,"https://bkimg.cdn.bcebos.com/pic/83025aafa40f4bfbdf206b620d4f78f0f7361817?x-bce-process=image/resize,m_lfit,w_268,limit_1/format,f_jpg"
星崎杏里,null,null,null,1989.01.22,null,https://baike.baidu.com/item/%E6%98%9F%E5%B4%8E%E6%9D%8F%E9%87%8C,"https://bkimg.cdn.bcebos.com/pic/aa64034f78f0f7364e7777150255b319ebc4131c?x-bce-process=image/resize,m_lfit,w_268,limit_1/format,f_jpg"
幸田李梨,160厘米,null,83-58-88cm（D）,1974年3月1日,null,https://baike.baidu.com/item/%E5%B9%B8%E7%94%B0%E6%9D%8E%E6%A2%A8,"https://bkimg.cdn.bcebos.com/pic/aa18972bd40735fa9dbb200192510fb30f24083a?x-bce-process=image/resize,m_lfit,w_268,limit_1/format,f_jpg"
星乃星爱,151cm,null,null,1988年10月10日,null,https://baike.baidu.com/item/%E6%98%9F%E4%B9%83%E6%98%9F%E7%88%B1,"https://bkimg.cdn.bcebos.com/pic/d52a2834349b033b5f79826113ce36d3d439bd93?x-bce-process=image/resize,m_lfit,w_268,limit_1/format,f_jpg"
藤本莉娜,168 厘米,null,null,1989年11月18日,null,https://baike.baidu.com/item/%E8%97%A4%E6%9C%AC%E8%8E%89%E5%A8%9C,"null"
姬野爱,160cm,null,B/83cm(C/65cm) W/58cm H/83cm,1982年5月5日,金牛座,https://baike.baidu.com/item/%E5%A7%AC%E9%87%8E%E7%88%B1,"https://bkimg.cdn.bcebos.com/pic/a1ec08fa513d2697e3284c6452fbb2fb4316d814?x-bce-process=image/resize,m_lfit,w_268,limit_1/format,f_jpg"
铃香音色,null,null,null,1988年9月2日,处女座,https://baike.baidu.com/item/%E9%93%83%E9%A6%99%E9%9F%B3%E8%89%B2,"https://bkimg.cdn.bcebos.com/pic/3801213fb80e7bec8dd192c42d2eb9389b506b88?x-bce-process=image/resize,m_lfit,w_268,limit_1/format,f_jpg"
@YOU,160 厘米,null,94 - 57 - 90,1986年8月25日,null,https://baike.baidu.com/item/%40YOU,"https://bkimg.cdn.bcebos.com/pic/e7cd7b899e510fb3e7cfb494d133c895d0430cdb?x-bce-process=image/resize,m_lfit,w_268,limit_1/format,f_jpg"
青木琳,159CM,44公斤,108 - 59 - 86 cm,1985年2月28日,null,https://baike.baidu.com/item/%E9%9D%92%E6%9C%A8%E7%90%B3,"https://bkimg.cdn.bcebos.com/pic/37d3d539b6003af3fab375d0352ac65c1038b671?x-bce-process=image/resize,m_lfit,w_268,limit_1/format,f_jpg"
糸矢芽衣,null,null,null,1983年9月16日,null,https://baike.baidu.com/item/%E7%B3%B8%E7%9F%A2%E8%8A%BD%E8%A1%A3,"https://bkimg.cdn.bcebos.com/pic/e824b899a9014c08806d3b2f007b02087af4f4e2?x-bce-process=image/resize,m_lfit,w_268,limit_1/format,f_jpg"
若叶久留美,161cm,null,84 - 58 - 83 cm,1990年12月15日,null,https://baike.baidu.com/item/%E8%8B%A5%E5%8F%B6%E4%B9%85%E7%95%99%E7%BE%8E,"https://bkimg.cdn.bcebos.com/pic/b8014a90f603738d15047a1ab41bb051f819ecb8?x-bce-process=image/resize,m_lfit,w_268,limit_1/format,f_jpg"
妃乃光,155厘米,42公斤,90 - 52 - 82 cm,1986年3月7日,null,https://baike.baidu.com/item/%E5%A6%83%E4%B9%83%E5%85%89,"null"
新垣圣那,156CM,null,null,1989年11月21日,null,https://baike.baidu.com/item/%E6%96%B0%E5%9E%A3%E5%9C%A3%E9%82%A3,"https://bkimg.cdn.bcebos.com/pic/810a19d8bc3eb13529580d8ba31ea8d3fd1f4466?x-bce-process=image/resize,m_lfit,w_268,limit_1/format,f_jpg"
北原多香子,163CM,null,B90cm (F-Cup) / 63cm/ 90cm,1985年12月06日,null,https://baike.baidu.com/item/%E5%8C%97%E5%8E%9F%E5%A4%9A%E9%A6%99%E5%AD%90,"https://bkimg.cdn.bcebos.com/pic/aa18972bd40735fa70273e3d99510fb30e24085a?x-bce-process=image/resize,m_lfit,w_268,limit_1/format,f_jpg"
遥惠美,162cm,null,B 91cm、W 60cm、H 88cm,1986年10月5日,null,https://baike.baidu.com/item/%E9%81%A5%E6%83%A0%E7%BE%8E,"https://bkimg.cdn.bcebos.com/pic/a9d3fd1f4134970a41af1fa39fcad1c8a6865d59?x-bce-process=image/resize,m_lfit,w_268,limit_1/format,f_jpg"
栗林里莉,null,null,83-58-80cm,1987年4月16日,白羊座,https://baike.baidu.com/item/%E6%A0%97%E6%9E%97%E9%87%8C%E8%8E%89,"https://bkimg.cdn.bcebos.com/pic/a8ec8a13632762d067d1011aacec08fa503dc6ac?x-bce-process=image/resize,m_lfit,w_268,limit_1/format,f_jpg"
古都光,163cm,null,B85cm W57cm H86cm,1985年3月13日,双鱼座,https://baike.baidu.com/item/%E5%8F%A4%E9%83%BD%E5%85%89,"https://bkimg.cdn.bcebos.com/pic/adaf2edda3cc7cd9056beaa43f01213fb80e910d?x-bce-process=image/resize,m_lfit,w_268,limit_1/format,f_jpg"
水菜丽,153cm,null,82(C罩杯65)　57　86,1987年5月20日,null,https://baike.baidu.com/item/%E6%B0%B4%E8%8F%9C%E4%B8%BD,"https://bkimg.cdn.bcebos.com/pic/cc11728b4710b912af9fa208c3fdfc03934522ed?x-bce-process=image/resize,m_lfit,w_268,limit_1/format,f_jpg"
岬里沙,170cm,null,null,1986-10-04,天秤座,https://baike.baidu.com/item/%E5%B2%AC%E9%87%8C%E6%B2%99,"https://bkimg.cdn.bcebos.com/pic/3801213fb80e7becc7cadaee2f2eb9389b506ba9?x-bce-process=image/resize,m_lfit,w_268,limit_1/format,f_jpg"
爱原翼,158CM,47KG,85-57-86cm,1987年6月25日,null,https://baike.baidu.com/item/%E7%88%B1%E5%8E%9F%E7%BF%BC,"null"
加藤莉娜,null,null,null,1990年6月,null,https://baike.baidu.com/item/%E5%8A%A0%E8%97%A4%E8%8E%89%E5%A8%9C,"https://bkimg.cdn.bcebos.com/pic/f9198618367adab4af5f0b308fd4b31c8701e432?x-bce-process=image/resize,m_lfit,w_268,limit_1/format,f_jpg"
吉泽明步,161cm,null,86-58-86cm,1984年3月3日,null,https://baike.baidu.com/item/%E5%90%89%E6%B3%BD%E6%98%8E%E6%AD%A5,"https://bkimg.cdn.bcebos.com/pic/9c16fdfaaf51f3de86f7dd629aeef01f3a29796a?x-bce-process=image/resize,m_lfit,w_268,limit_1/format,f_jpg"
濑名步,null,null,null,1986年11月9日,null,https://baike.baidu.com/item/%E6%BF%91%E5%90%8D%E6%AD%A5,"https://bkimg.cdn.bcebos.com/pic/622762d0f703918fa935135f5b3d269758eec4ba?x-bce-process=image/resize,m_lfit,w_268,limit_1/format,f_jpg"
岛田阳子,171CM,null,null,1953年5月17日,金牛座,https://baike.baidu.com/item/%E5%B2%9B%E7%94%B0%E9%98%B3%E5%AD%90,"https://bkimg.cdn.bcebos.com/pic/f31fbe096b63f624d17f721b8844ebf81a4ca38c?x-bce-process=image/resize,m_lfit,w_268,limit_1/format,f_jpg"
夏目奈奈,163cm,null,B:95cm(G) W:58cm H:85cm,1982年1月23日,null,https://baike.baidu.com/item/%E5%A4%8F%E7%9B%AE%E5%A5%88%E5%A5%88,"https://bkimg.cdn.bcebos.com/pic/a8014c086e061d955fe1c3a171f40ad163d9ca80?x-bce-process=image/resize,m_lfit,w_268,limit_1/format,f_jpg"
堀口奈津美,171CM,null,B.88 W.58 H.86,1980年6月4日,null,https://baike.baidu.com/item/%E5%A0%80%E5%8F%A3%E5%A5%88%E6%B4%A5%E7%BE%8E,"https://bkimg.cdn.bcebos.com/pic/7dd98d1001e9390114bc83bf77ec54e737d196f0?x-bce-process=image/resize,m_lfit,w_268,limit_1/format,f_jpg"
折笠弥生,160厘米,null,88 - 58 - 89 cm（D）,null,null,https://baike.baidu.com/item/%E6%8A%98%E7%AC%A0%E5%BC%A5%E7%94%9F,"https://bkimg.cdn.bcebos.com/pic/f7246b600c3387442d7d6675590fd9f9d72aa07b?x-bce-process=image/resize,m_lfit,w_268,limit_1/format,f_jpg"
翔田千里,null,null,null,1968年4月11日,白羊座,https://baike.baidu.com/item/%E7%BF%94%E7%94%B0%E5%8D%83%E9%87%8C,"https://bkimg.cdn.bcebos.com/pic/7dd98d1001e939018a7e69c87bec54e737d196cc?x-bce-process=image/resize,m_lfit,w_268,limit_1/format,f_jpg"
木下柚花,155公分,null,93D/56/88,1988年2月5日,水瓶座 [1],https://baike.baidu.com/item/%E6%9C%A8%E4%B8%8B%E6%9F%9A%E8%8A%B1,"https://bkimg.cdn.bcebos.com/pic/e1fe9925bc315c6091e3a8168db1cb13485477d1?x-bce-process=image/resize,m_lfit,w_268,limit_1/format,f_jpg"
春咲和津实,159cm,null,89/60/84,1986年7月8日,巨蟹座,https://baike.baidu.com/item/%E6%98%A5%E5%92%B2%E5%92%8C%E6%B4%A5%E5%AE%9E,"https://bkimg.cdn.bcebos.com/pic/e61190ef76c6a7ef91f7bebef7faaf51f2de6650?x-bce-process=image/resize,m_lfit,w_268,limit_1/format,f_jpg"
卯月麻衣,155cm,null,95、60、88cm,1986年11月10日,null,https://baike.baidu.com/item/%E5%8D%AF%E6%9C%88%E9%BA%BB%E8%A1%A3,"https://bkimg.cdn.bcebos.com/pic/55e736d12f2eb938d5c1646adf628535e4dd6ffd?x-bce-process=image/resize,m_lfit,w_268,limit_1/format,f_jpg"
希志爱野,null,null,85c/57/83,1988年2月1日,null,https://baike.baidu.com/item/%E5%B8%8C%E5%BF%97%E7%88%B1%E9%87%8E,"https://bkimg.cdn.bcebos.com/pic/eac4b74543a98226c80ae6cf8a82b9014b90eb0b?x-bce-process=image/resize,m_lfit,w_268,limit_1/format,f_jpg"
弘前亮子,159CM,44公斤,85 - 57 - 83 cm,1990年1月26日,null,https://baike.baidu.com/item/%E5%BC%98%E5%89%8D%E4%BA%AE%E5%AD%90,"https://bkimg.cdn.bcebos.com/pic/eaf81a4c510fd9f9f8c67f28252dd42a2934a499?x-bce-process=image/resize,m_lfit,w_268,limit_1/format,f_jpg"
松下怜,158cm,null,null,1985年10月1日,null,https://baike.baidu.com/item/%E6%9D%BE%E4%B8%8B%E6%80%9C,"https://bkimg.cdn.bcebos.com/pic/024f78f0f736afc30e0b7392bb19ebc4b64512c5?x-bce-process=image/resize,m_lfit,w_268,limit_1/format,f_jpg"
早乙女露依,153cm,null,D85（D）-W57-H82,1988年6月26日,巨蟹座,https://baike.baidu.com/item/%E6%97%A9%E4%B9%99%E5%A5%B3%E9%9C%B2%E4%BE%9D,"https://bkimg.cdn.bcebos.com/pic/c9fcc3cec3fdfc03792a016dde3f8794a5c22691?x-bce-process=image/resize,m_lfit,w_268,limit_1/format,f_jpg"
赤西凉,null,null,null,1988年3月24日,null,https://baike.baidu.com/item/%E8%B5%A4%E8%A5%BF%E5%87%89,"null"
桐生樱,155厘米,null,B85(D罩杯)・W58・H83,1989年3月9日,null,https://baike.baidu.com/item/%E6%A1%90%E7%94%9F%E6%A8%B1,"https://bkimg.cdn.bcebos.com/pic/b03533fa828ba61ea9d953894334970a304e5964?x-bce-process=image/resize,m_lfit,w_268,limit_1/format,f_jpg"
晶爱丽,153cm,null,88 - 60 - 89cm,1986年1月25日,水瓶座,https://baike.baidu.com/item/%E6%99%B6%E7%88%B1%E4%B8%BD,"https://bkimg.cdn.bcebos.com/pic/3b87e950352ac65c96348b53f9f2b21193138ad9?x-bce-process=image/resize,m_lfit,w_268,limit_1/format,f_jpg"
舞咲美娜,160cm,null,85-59-87cm,1991年9月2日,null,https://baike.baidu.com/item/%E8%88%9E%E5%92%B2%E7%BE%8E%E5%A8%9C,"https://bkimg.cdn.bcebos.com/pic/d1160924ab18972bf26d9e92e9cd7b899e510a16?x-bce-process=image/resize,m_lfit,w_268,limit_1/format,f_jpg"
北原夏美,158厘米,null,90-60-88cm,1967年,null,https://baike.baidu.com/item/%E5%8C%97%E5%8E%9F%E5%A4%8F%E7%BE%8E,"https://bkimg.cdn.bcebos.com/pic/a6efce1b9d16fdfaef47befab68f8c5494ee7bfe?x-bce-process=image/resize,m_lfit,w_268,limit_1/format,f_jpg"
明日花绮罗,162cm,44kg,null,1988年10月2日,null,https://baike.baidu.com/item/%E6%98%8E%E6%97%A5%E8%8A%B1%E7%BB%AE%E7%BD%97,"https://bkimg.cdn.bcebos.com/pic/d009b3de9c82d158f2fd06b1800a19d8bc3e42b6?x-bce-process=image/resize,m_lfit,w_268,limit_1/format,f_jpg"
茉莉花,null,null,null,null,null,https://baike.baidu.com/item/%E8%8C%89%E8%8E%89%E8%8A%B1,"null"
小林初花,170厘米,null,B.84 W.58 H.85,1990年03月19,双鱼,https://baike.baidu.com/item/%E5%B0%8F%E6%9E%97%E5%88%9D%E8%8A%B1,"https://bkimg.cdn.bcebos.com/pic/dcc451da81cb39db8f26cb2dd8160924aa1830e2?x-bce-process=image/resize,m_lfit,w_268,limit_1/format,f_jpg"
辰巳唯,168cm,null,88.60.89(F cup),1984/06/08,双子座,https://baike.baidu.com/item/%E8%BE%B0%E5%B7%B3%E5%94%AF,"https://bkimg.cdn.bcebos.com/pic/342ac65c103853435a820d2a9113b07eca808868?x-bce-process=image/resize,m_lfit,w_268,limit_1/format,f_jpg"
安西琉菜,null,null,null,1987年6月18日,null,https://baike.baidu.com/item/%E5%AE%89%E8%A5%BF%E7%90%89%E8%8F%9C,"https://bkimg.cdn.bcebos.com/pic/f7246b600c338744f77e370f500fd9f9d72aa00d?x-bce-process=image/resize,m_lfit,w_268,limit_1/format,f_jpg"
月野姬,159CM,44公斤,null,1985年3月25日,白羊座,https://baike.baidu.com/item/%E6%9C%88%E9%87%8E%E5%A7%AC,"https://bkimg.cdn.bcebos.com/pic/f7246b600c3387448d34f94f500fd9f9d72aa014?x-bce-process=image/resize,m_lfit,w_268,limit_1/format,f_jpg"
藤原瞳,null,null,88 - 59 - 89 cm,1991年3月3日,null,https://baike.baidu.com/item/%E8%97%A4%E5%8E%9F%E7%9E%B3,"https://bkimg.cdn.bcebos.com/pic/962bd40735fae6cd5613316608b30f2442a70f15?x-bce-process=image/resize,m_lfit,w_268,limit_1/format,f_jpg"
叶山丽子,162厘米,45公斤,null,1969年7月13日,null,https://baike.baidu.com/item/%E5%8F%B6%E5%B1%B1%E4%B8%BD%E5%AD%90,"https://bkimg.cdn.bcebos.com/pic/241f95cad1c8a786ac3735b56c09c93d70cf506f?x-bce-process=image/resize,m_lfit,w_268,limit_1/format,f_jpg"
恋小夜,null,null,null,1987年10月10日,null,https://baike.baidu.com/item/%E6%81%8B%E5%B0%8F%E5%A4%9C,"https://bkimg.cdn.bcebos.com/pic/342ac65c103853433cf323c79913b07eca80881c?x-bce-process=image/resize,m_lfit,w_268,limit_1/format,f_jpg"
安达有里,151厘米,null,null,1957年8月30日,null,https://baike.baidu.com/item/%E5%AE%89%E8%BE%BE%E6%9C%89%E9%87%8C,"https://bkimg.cdn.bcebos.com/pic/e61190ef76c6a7efbfe08400fffaaf51f2de66d5?x-bce-process=image/resize,m_lfit,w_268,limit_1/format,f_jpg"
橘日向,null,null,null,null,null,https://baike.baidu.com/item/%E6%A9%98%E6%97%A5%E5%90%91,"null"
紫彩乃,160cm,52kg,null,1969年3月29日,null,https://baike.baidu.com/item/%E7%B4%AB%E5%BD%A9%E4%B9%83,"https://bkimg.cdn.bcebos.com/pic/21a4462309f790523104e6690cf3d7ca7bcbd54a?x-bce-process=image/resize,m_lfit,w_268,limit_1/format,f_jpg"
星崎未来,null,null,null,1982年3月10日,null,https://baike.baidu.com/item/%E6%98%9F%E5%B4%8E%E6%9C%AA%E6%9D%A5,"https://bkimg.cdn.bcebos.com/pic/aa64034f78f0f736836dba0f0255b319ebc41328?x-bce-process=image/resize,m_lfit,w_268,limit_1/format,f_jpg"
麻生岬,null,null,null,1985年3月8日,null,https://baike.baidu.com/item/%E9%BA%BB%E7%94%9F%E5%B2%AC,"https://bkimg.cdn.bcebos.com/pic/55e736d12f2eb938ac8105d5d7628535e5dd6f2c?x-bce-process=image/resize,m_lfit,w_268,limit_1/format,f_jpg"
滨崎里绪,158cm,null,88-57-85,1988年6月11日,null,https://baike.baidu.com/item/%E6%BB%A8%E5%B4%8E%E9%87%8C%E7%BB%AA,"https://bkimg.cdn.bcebos.com/pic/a1ec08fa513d26971e1ad65255fbb2fb4216d8f0?x-bce-process=image/resize,m_lfit,w_268,limit_1/format,f_jpg"
佐藤江梨花,170CM,null,89、57、85（F杯 ）,1986年06月08日,双子座,https://baike.baidu.com/item/%E4%BD%90%E8%97%A4%E6%B1%9F%E6%A2%A8%E8%8A%B1,"https://bkimg.cdn.bcebos.com/pic/810a19d8bc3eb1353720222eac1ea8d3fc1f44bb?x-bce-process=image/resize,m_lfit,w_268,limit_1/format,f_jpg"
村上丽奈,165厘米,43kg,null,1967年11月25日,射手座,https://baike.baidu.com/item/%E6%9D%91%E4%B8%8A%E4%B8%BD%E5%A5%88,"https://bkimg.cdn.bcebos.com/pic/4a36acaf2edda3cce85755780de93901213f9233?x-bce-process=image/resize,m_lfit,w_268,limit_1/format,f_jpg"
蓝山南,null,null,null,1982年5月28日,null,https://baike.baidu.com/item/%E8%93%9D%E5%B1%B1%E5%8D%97,"https://bkimg.cdn.bcebos.com/pic/a08b87d6277f9e2f10dddc421330e924b999f394?x-bce-process=image/resize,m_lfit,w_268,limit_1/format,f_jpg"
青山由衣,155 厘米,null,104 – 59 – 92 cm（罩杯:I）,1986年1月23日,null,https://baike.baidu.com/item/%E9%9D%92%E5%B1%B1%E7%94%B1%E8%A1%A3,"https://bkimg.cdn.bcebos.com/pic/902397dda144ad34a8b0dd9bdda20cf431ad859b?x-bce-process=image/resize,m_lfit,w_268,limit_1/format,f_jpg"
木内美保,null,null,null,1991年2月14日,null,https://baike.baidu.com/item/%E6%9C%A8%E5%86%85%E7%BE%8E%E4%BF%9D,"null"
水朝美树,170厘米,null,null,1980年6月11日,null,https://baike.baidu.com/item/%E6%B0%B4%E6%9C%9D%E7%BE%8E%E6%A0%91,"https://bkimg.cdn.bcebos.com/pic/6f061d950a7b02088645113668d9f2d3562cc85d?x-bce-process=image/resize,m_lfit,w_268,limit_1/format,f_jpg"
藤泽美羽,160cm,null,B83 W58 H85,1991年8月10日,null,https://baike.baidu.com/item/%E8%97%A4%E6%B3%BD%E7%BE%8E%E7%BE%BD,"https://bkimg.cdn.bcebos.com/pic/9f2f070828381f30e2ecb582ab014c086e06f027?x-bce-process=image/resize,m_lfit,w_268,limit_1/format,f_jpg"
高濑七海,158 cm,53KG,86(E)-58-86 cm,1987年8月20日,null,https://baike.baidu.com/item/%E9%AB%98%E6%BF%91%E4%B8%83%E6%B5%B7,"https://bkimg.cdn.bcebos.com/pic/a1ec08fa513d2697584f176552fbb2fb4316d86d?x-bce-process=image/resize,m_lfit,w_268,limit_1/format,f_jpg"
樱田樱,158CM,null,89、59、86（CM）,1982年01月14日,摩羯座,https://baike.baidu.com/item/%E6%A8%B1%E7%94%B0%E6%A8%B1,"https://bkimg.cdn.bcebos.com/pic/2f738bd4b31c87011b54de19277f9e2f0608ff6b?x-bce-process=image/resize,m_lfit,w_268,limit_1/format,f_jpg"
香坂百合,160CM,null,null,1986年8月8日,null,https://baike.baidu.com/item/%E9%A6%99%E5%9D%82%E7%99%BE%E5%90%88,"https://bkimg.cdn.bcebos.com/pic/11385343fbf2b2118e67f7b8ca8065380dd78efe?x-bce-process=image/resize,m_lfit,w_268,limit_1/format,f_jpg"
大槻响,162cm,null,88 - 57 - 85 cm,1988年2月21日,null,https://baike.baidu.com/item/%E5%A4%A7%E6%A7%BB%E5%93%8D,"https://bkimg.cdn.bcebos.com/pic/023b5bb5c9ea15cec67a89b1ba003af33b87b2f6?x-bce-process=image/resize,m_lfit,w_268,limit_1/format,f_jpg"
大泽佳那,null,null,null,null,null,https://baike.baidu.com/item/%E5%A4%A7%E6%B3%BD%E4%BD%B3%E9%82%A3,"null"
麻川丽,154cm,null,null,1983年12月8日,null,https://baike.baidu.com/item/%E9%BA%BB%E5%B7%9D%E4%B8%BD,"https://bkimg.cdn.bcebos.com/pic/7c1ed21b0ef41bd51be4c2b551da81cb39db3d3f?x-bce-process=image/resize,m_lfit,w_268,limit_1/format,f_jpg"
樱木凛,158cm,null,B85-W57-H82,1989年3月3日,null,https://baike.baidu.com/item/%E6%A8%B1%E6%9C%A8%E5%87%9B,"https://bkimg.cdn.bcebos.com/pic/023b5bb5c9ea15ce42363472b5003af33b87b2f5?x-bce-process=image/resize,m_lfit,w_268,limit_1/format,f_jpg"
堀咲莉亚,165cm,null,85E ,58 ,89 cm,1992年12月12日,null,https://baike.baidu.com/item/%E5%A0%80%E5%92%B2%E8%8E%89%E4%BA%9A,"https://bkimg.cdn.bcebos.com/pic/b8014a90f603738d176b7818b41bb051f819ece3?x-bce-process=image/resize,m_lfit,w_268,limit_1/format,f_jpg"
樱朱音,149cm,null,88.58.86(E cup),1984年6月10日,双子座,https://baike.baidu.com/item/%E6%A8%B1%E6%9C%B1%E9%9F%B3,"https://bkimg.cdn.bcebos.com/pic/72f082025aafa40fcc36a59aa764034f79f01980?x-bce-process=image/resize,m_lfit,w_268,limit_1/format,f_jpg"
绘色千佳,null,null,B79 W58 H85,1990年11月1日,天蝎座,https://baike.baidu.com/item/%E7%BB%98%E8%89%B2%E5%8D%83%E4%BD%B3,"https://bkimg.cdn.bcebos.com/pic/bf096b63f6246b60348c88ebeaf81a4c500fa2aa?x-bce-process=image/resize,m_lfit,w_268,limit_1/format,f_jpg"
音羽奏,null,null,null,1984年8月1日,null,https://baike.baidu.com/item/%E9%9F%B3%E7%BE%BD%E5%A5%8F,"https://bkimg.cdn.bcebos.com/pic/8694a4c27d1ed21b7d704021a86eddc450da3fbc?x-bce-process=image/resize,m_lfit,w_268,limit_1/format,f_jpg"
成濑心美,147cm,null,B89 W60 H82,1989年3月3日,双鱼座,https://baike.baidu.com/item/%E6%88%90%E6%BF%91%E5%BF%83%E7%BE%8E,"https://bkimg.cdn.bcebos.com/pic/8b13632762d0f7034cf8f05a08fa513d2797c5ea?x-bce-process=image/resize,m_lfit,w_268,limit_1/format,f_jpg"
长谷川理穗,158厘米,null,90、 58 、 87 （F罩）,1991年3月19日,null,https://baike.baidu.com/item/%E9%95%BF%E8%B0%B7%E5%B7%9D%E7%90%86%E7%A9%97,"https://bkimg.cdn.bcebos.com/pic/a8014c086e061d9574b99d7378f40ad163d9cafa?x-bce-process=image/resize,m_lfit,w_268,limit_1/format,f_jpg"
安倍夏树,null,null,null,1981年12月13日,null,https://baike.baidu.com/item/%E5%AE%89%E5%80%8D%E5%A4%8F%E6%A0%91,"https://bkimg.cdn.bcebos.com/pic/8b13632762d0f70307bd30e70ffa513d2697c5fa?x-bce-process=image/resize,m_lfit,w_268,limit_1/format,f_jpg"
飞鸟伊央,null,null,null,1987年12月10日,null,https://baike.baidu.com/item/%E9%A3%9E%E9%B8%9F%E4%BC%8A%E5%A4%AE,"https://bkimg.cdn.bcebos.com/pic/c995d143ad4bd1134abe36915aafa40f4bfb0525?x-bce-process=image/resize,m_lfit,w_268,limit_1/format,f_jpg"
真白希实,160CM,null,B85 W60 H90,1980-01-06,摩羯座,https://baike.baidu.com/item/%E7%9C%9F%E7%99%BD%E5%B8%8C%E5%AE%9E,"https://bkimg.cdn.bcebos.com/pic/4ec2d5628535e5dd283d3f567cc6a7efce1b6222?x-bce-process=image/resize,m_lfit,w_268,limit_1/format,f_jpg"
立花美凉,null,null,null,1988.5.15,null,https://baike.baidu.com/item/%E7%AB%8B%E8%8A%B1%E7%BE%8E%E5%87%89,"https://bkimg.cdn.bcebos.com/pic/8694a4c27d1ed21b012ea17ca76eddc450da3f47?x-bce-process=image/resize,m_lfit,w_268,limit_1/format,f_jpg"
叶不二子,157cm,null,null,1972年4月18日,白羊座,https://baike.baidu.com/item/%E5%8F%B6%E4%B8%8D%E4%BA%8C%E5%AD%90,"https://bkimg.cdn.bcebos.com/pic/14ce36d3d539b600e0cf4084ee50352ac65cb784?x-bce-process=image/resize,m_lfit,w_268,limit_1/format,f_jpg"
宫川怜,null,null,null,null,null,https://baike.baidu.com/item/%E5%AE%AB%E5%B7%9D%E6%80%9C,"https://bkimg.cdn.bcebos.com/pic/b8389b504fc2d562fe1ee7d2ee1190ef76c66cfe?x-bce-process=image/resize,m_lfit,w_268,limit_1/format,f_jpg"
泷泽优奈,156cm,null,B85 W58 H86,1985年3月25日,白羊座,https://baike.baidu.com/item/%E6%B3%B7%E6%B3%BD%E4%BC%98%E5%A5%88,"https://bkimg.cdn.bcebos.com/pic/6a63f6246b600c33ea2032f8194c510fd9f9a1a1?x-bce-process=image/resize,m_lfit,w_268,limit_1/format,f_jpg"
立花里子,null,null,83-60-83 cm,1984年11月10日,null,https://baike.baidu.com/item/%E7%AB%8B%E8%8A%B1%E9%87%8C%E5%AD%90,"null"
浅田琪琪,160cm,null,B103cm W60cm H87cm,1986年4月25日,null,https://baike.baidu.com/item/%E6%B5%85%E7%94%B0%E7%90%AA%E7%90%AA,"https://bkimg.cdn.bcebos.com/pic/4a36acaf2edda3cc3aaca19e07e93901203f92c7?x-bce-process=image/resize,m_lfit,w_268,limit_1/format,f_jpg"
早乙女优,null,null,null,1983年8月15日,null,https://baike.baidu.com/item/%E6%97%A9%E4%B9%99%E5%A5%B3%E4%BC%98,"https://bkimg.cdn.bcebos.com/pic/b7003af33a87e9505c5e29cc16385343faf2b4c1?x-bce-process=image/resize,m_lfit,w_268,limit_1/format,f_jpg"
森美咲,null,null,null,null,null,https://baike.baidu.com/item/%E6%A3%AE%E7%BE%8E%E5%92%B2,"null"
原更纱,166cm,null,B85 W57 H82,1984年06月20日,null,https://baike.baidu.com/item/%E5%8E%9F%E6%9B%B4%E7%BA%B1,"https://bkimg.cdn.bcebos.com/pic/c2cec3fdfc039245988cac3c8094a4c27d1e25c3?x-bce-process=image/resize,m_lfit,w_268,limit_1/format,f_jpg"
爱内梨花,null,null,null,1988年3月27日,null,https://baike.baidu.com/item/%E7%88%B1%E5%86%85%E6%A2%A8%E8%8A%B1,"https://bkimg.cdn.bcebos.com/pic/10dfa9ec8a136327b98fb1a59b8fa0ec09fac7c2?x-bce-process=image/resize,m_lfit,w_268,limit_1/format,f_jpg"
野宫凛子,159cm,null,null,1959年,null,https://baike.baidu.com/item/%E9%87%8E%E5%AE%AB%E5%87%9B%E5%AD%90,"https://bkimg.cdn.bcebos.com/pic/8644ebf81a4c510f926a2bb76659252dd52aa5f5?x-bce-process=image/resize,m_lfit,w_268,limit_1/format,f_jpg"
西野翔,159 cm,null,null,1985年06月29日,null,https://baike.baidu.com/item/%E8%A5%BF%E9%87%8E%E7%BF%94,"https://bkimg.cdn.bcebos.com/pic/b3119313b07eca80185fef2d962397dda04483a6?x-bce-process=image/resize,m_lfit,w_268,limit_1/format,f_jpg"
爱海一夏,null,null,null,null,null,https://baike.baidu.com/item/%E7%88%B1%E6%B5%B7%E4%B8%80%E5%A4%8F,"https://bkimg.cdn.bcebos.com/pic/5243fbf2b2119313bea487526f380cd790238d68?x-bce-process=image/resize,m_lfit,w_268,limit_1/format,f_jpg"
朝香凉,152cm,null,86/58/ 83cm,1983年11月11,null,https://baike.baidu.com/item/%E6%9C%9D%E9%A6%99%E5%87%89,"https://bkimg.cdn.bcebos.com/pic/d009b3de9c82d158bc9158e5840a19d8bc3e4256?x-bce-process=image/resize,m_lfit,w_268,limit_1/format,f_jpg"
小泉彩,157cm,null,B87 W59 H89,1983年12月17日,null,https://baike.baidu.com/item/%E5%B0%8F%E6%B3%89%E5%BD%A9,"https://bkimg.cdn.bcebos.com/pic/902397dda144ad34dd3a6928dea20cf430ad859c?x-bce-process=image/resize,m_lfit,w_268,limit_1/format,f_jpg"
山口玲子,null,null,null,1979年12月15日,射手座,https://baike.baidu.com/item/%E5%B1%B1%E5%8F%A3%E7%8E%B2%E5%AD%90,"https://bkimg.cdn.bcebos.com/pic/f31fbe096b63f624deff86788f44ebf81a4ca32f?x-bce-process=image/resize,m_lfit,w_268,limit_1/format,f_jpg"
爱田由,null,null,null,1984年8月12日,null,https://baike.baidu.com/item/%E7%88%B1%E7%94%B0%E7%94%B1,"https://bkimg.cdn.bcebos.com/pic/a50f4bfbfbedab644836d1b3f736afc379311e78?x-bce-process=image/resize,m_lfit,w_268,limit_1/format,f_jpg"
明佐奈,null,null,null,1989年3月10日,null,https://baike.baidu.com/item/%E6%98%8E%E4%BD%90%E5%A5%88,"https://bkimg.cdn.bcebos.com/pic/77094b36acaf2eddfa8e669a891001e939019341?x-bce-process=image/resize,m_lfit,w_268,limit_1/format,f_jpg"
爱原理彩,165厘米,null,85 - 60 - 87 cm,1983年8月8日,null,https://baike.baidu.com/item/%E7%88%B1%E5%8E%9F%E7%90%86%E5%BD%A9,"https://bkimg.cdn.bcebos.com/pic/09fa513d269759eedeb21de1bafb43166d22df3e?x-bce-process=image/resize,m_lfit,w_268,limit_1/format,f_jpg"
小泉优香,null,null,null,null,null,https://baike.baidu.com/item/%E5%B0%8F%E6%B3%89%E4%BC%98%E9%A6%99,"https://bkimg.cdn.bcebos.com/pic/574e9258d109b3defe32e41ac3bf6c81800a4c36?x-bce-process=image/resize,m_lfit,w_268,limit_1/format,f_jpg"
及川奈央,164cm,46kg,null,1981年4月21日,null,https://baike.baidu.com/item/%E5%8F%8A%E5%B7%9D%E5%A5%88%E5%A4%AE,"https://bkimg.cdn.bcebos.com/pic/8b82b9014a90f6034f5c60583912b31bb151edc5?x-bce-process=image/resize,m_lfit,w_268,limit_1/format,f_jpg"
福山沙耶香,null,null,null,1990年11月30日,null,https://baike.baidu.com/item/%E7%A6%8F%E5%B1%B1%E6%B2%99%E8%80%B6%E9%A6%99,"https://bkimg.cdn.bcebos.com/pic/c2fdfc039245d688903505a4acc27d1ed21b24fe?x-bce-process=image/resize,m_lfit,w_268,limit_1/format,f_jpg"
前嶋美步,157cm,43kg,null,1986年7月26日,null,https://baike.baidu.com/item/%E5%89%8D%E5%B6%8B%E7%BE%8E%E6%AD%A5,"https://bkimg.cdn.bcebos.com/pic/91ef76c6a7efce1bb509a08ba751f3deb48f6554?x-bce-process=image/resize,m_lfit,w_268,limit_1/format,f_jpg"
竹内爱,162cm,48kg,null,1985/11/19,null,https://baike.baidu.com/item/%E7%AB%B9%E5%86%85%E7%88%B1,"https://bkimg.cdn.bcebos.com/pic/ae51f3deb48f8c5423122cda3a292df5e1fe7f06?x-bce-process=image/resize,m_lfit,w_268,limit_1/format,f_jpg"
真田春香,160CM,43公斤,B95/W57/H91,1988年6月6日,双子座,https://baike.baidu.com/item/%E7%9C%9F%E7%94%B0%E6%98%A5%E9%A6%99,"https://bkimg.cdn.bcebos.com/pic/203fb80e7bec54e71aec6523b3389b504fc26a8e?x-bce-process=image/resize,m_lfit,w_268,limit_1/format,f_jpg"
美知广子,null,null,null,null,null,https://baike.baidu.com/item/%E7%BE%8E%E7%9F%A5%E5%B9%BF%E5%AD%90,"https://bkimg.cdn.bcebos.com/pic/6f061d950a7b02082fe9cbca6fd9f2d3572cc8fd?x-bce-process=image/resize,m_lfit,w_268,limit_1/format,f_jpg"
橘未稀,165,null,83-58-87,1976/4/17,null,https://baike.baidu.com/item/%E6%A9%98%E6%9C%AA%E7%A8%80,"https://bkimg.cdn.bcebos.com/pic/42a98226cffc1e17afc16bcd4090f603728de9d4?x-bce-process=image/resize,m_lfit,w_268,limit_1/format,f_jpg"
藤井雪莉,158CM,null,86、58、86（CM）,1990年02月18日,null,https://baike.baidu.com/item/%E8%97%A4%E4%BA%95%E9%9B%AA%E8%8E%89,"https://bkimg.cdn.bcebos.com/pic/b3fb43166d224f4a60d9ac6206f790529822d17b?x-bce-process=image/resize,m_lfit,w_268,limit_1/format,f_jpg"
田畑百子,null,null,B78 W56 H83,1979年7月28日,null,https://baike.baidu.com/item/%E7%94%B0%E7%95%91%E7%99%BE%E5%AD%90,"https://bkimg.cdn.bcebos.com/pic/fc1f4134970a304e273824d2d2c8a786c9175cfb?x-bce-process=image/resize,m_lfit,w_268,limit_1/format,f_jpg"
吉崎直绪,163CM,null,87、57、85(Ecup),1985年12月20日,射手座,https://baike.baidu.com/item/%E5%90%89%E5%B4%8E%E7%9B%B4%E7%BB%AA,"https://bkimg.cdn.bcebos.com/pic/30adcbef76094b36dd292a9da3cc7cd98d109d02?x-bce-process=image/resize,m_lfit,w_268,limit_1/format,f_jpg"
爱叶渚,null,null,null,null,null,https://baike.baidu.com/item/%E7%88%B1%E5%8F%B6%E6%B8%9A,"https://bkimg.cdn.bcebos.com/pic/63d9f2d3572c11dfa764934b622762d0f703c224?x-bce-process=image/resize,m_lfit,w_268,limit_1/format,f_jpg"
直嶋爱,151厘米,null,B84・W56・H85,null,null,https://baike.baidu.com/item/%E7%9B%B4%E5%B6%8B%E7%88%B1,"https://bkimg.cdn.bcebos.com/pic/f9198618367adab4b2d33a6589d4b31c8701e491?x-bce-process=image/resize,m_lfit,w_268,limit_1/format,f_jpg"
菅野亚梨沙,160cm,null,B/83cm W/57cm H/83cm,1983年12月9日,射手座,https://baike.baidu.com/item/%E8%8F%85%E9%87%8E%E4%BA%9A%E6%A2%A8%E6%B2%99,"https://bkimg.cdn.bcebos.com/pic/37d3d539b6003af30b77c0d4372ac65c1138b6b0?x-bce-process=image/resize,m_lfit,w_268,limit_1/format,f_jpg"
秋元美由,159cm,null,78、58、85,1990年2月16日,null,https://baike.baidu.com/item/%E7%A7%8B%E5%85%83%E7%BE%8E%E7%94%B1,"https://bkimg.cdn.bcebos.com/pic/8435e5dde71190efd56b40d0ce1b9d16fdfa6029?x-bce-process=image/resize,m_lfit,w_268,limit_1/format,f_jpg"
莲井志帆,153厘米,null,null,1987年3月22日,null,https://baike.baidu.com/item/%E8%8E%B2%E4%BA%95%E5%BF%97%E5%B8%86,"https://bkimg.cdn.bcebos.com/pic/4034970a304e251ff83d9108ad86c9177e3e5373?x-bce-process=image/resize,m_lfit,w_268,limit_1/format,f_jpg"
铃木杏里,null,null,T167 B88 W59 H87,1985年12月11日,null,https://baike.baidu.com/item/%E9%93%83%E6%9C%A8%E6%9D%8F%E9%87%8C,"https://bkimg.cdn.bcebos.com/pic/f703738da97739129eae649aff198618377ae245?x-bce-process=image/resize,m_lfit,w_268,limit_1/format,f_jpg"
妃悠爱,154厘米,null,74-54-72cm,1980年12月1日,null,https://baike.baidu.com/item/%E5%A6%83%E6%82%A0%E7%88%B1,"https://bkimg.cdn.bcebos.com/pic/b3fb43166d224f4a2d3a6e020df790529822d17b?x-bce-process=image/resize,m_lfit,w_268,limit_1/format,f_jpg"
小樱沙树,null,null,null,null,null,https://baike.baidu.com/item/%E5%B0%8F%E6%A8%B1%E6%B2%99%E6%A0%91,"https://bkimg.cdn.bcebos.com/pic/4610b912c8fcc3ce5843d9a99845d688d53f20ac?x-bce-process=image/resize,m_lfit,w_268,limit_1/format,f_jpg"
桐岛葵,null,null,null,null,null,https://baike.baidu.com/item/%E6%A1%90%E5%B2%9B%E8%91%B5/85319,"null"
美优千奈,null,null,null,1987年5月17日,null,https://baike.baidu.com/item/%E7%BE%8E%E4%BC%98%E5%8D%83%E5%A5%88,"https://bkimg.cdn.bcebos.com/pic/dcc451da81cb39dbe637d52dd3160924aa1830d1?x-bce-process=image/resize,m_lfit,w_268,limit_1/format,f_jpg"
并木优,null,null,null,1989年03月03日,双鱼座,https://baike.baidu.com/item/%E5%B9%B6%E6%9C%A8%E4%BC%98,"https://bkimg.cdn.bcebos.com/pic/b3119313b07eca80aab0943f912397dda04483b5?x-bce-process=image/resize,m_lfit,w_268,limit_1/format,f_jpg"
藤井彩,156CM,null,85、58、89（CM）,1984年05月29日,null,https://baike.baidu.com/item/%E8%97%A4%E4%BA%95%E5%BD%A9,"https://bkimg.cdn.bcebos.com/pic/a71ea8d3fd1f4134dbfe6ea92f1f95cad0c85e1f?x-bce-process=image/resize,m_lfit,w_268,limit_1/format,f_jpg"
南沙也香,161cm,46kg,null,1986年12月17号,射手座,https://baike.baidu.com/item/%E5%8D%97%E6%B2%99%E4%B9%9F%E9%A6%99,"https://bkimg.cdn.bcebos.com/pic/d009b3de9c82d1588c2b044b800a19d8bd3e429a?x-bce-process=image/resize,m_lfit,w_268,limit_1/format,f_jpg"
前田香织,160 cm,null,84D - 56 - 80 cm,1990年9月8日,处女座,https://baike.baidu.com/item/%E5%89%8D%E7%94%B0%E9%A6%99%E7%BB%87,"https://bkimg.cdn.bcebos.com/pic/14ce36d3d539b60065b8c642e950352ac75cb7d5?x-bce-process=image/resize,m_lfit,w_268,limit_1/format,f_jpg"
藤崎里绪,155cm,35kg,null,1988年12月29日,摩羯座,https://baike.baidu.com/item/%E8%97%A4%E5%B4%8E%E9%87%8C%E7%BB%AA,"https://bkimg.cdn.bcebos.com/pic/0e2442a7d933c895d94e4f3ad11373f0820200ba?x-bce-process=image/resize,m_lfit,w_268,limit_1/format,f_jpg"
观月雏乃,1.62米,null,80cm(31)C-57cm(22)-84cm(34),1982年2月11日,null,https://baike.baidu.com/item/%E8%A7%82%E6%9C%88%E9%9B%8F%E4%B9%83,"https://bkimg.cdn.bcebos.com/pic/1e30e924b899a901bc6f42501c950a7b0208f57a?x-bce-process=image/resize,m_lfit,w_268,limit_1/format,f_jpg"
青山沙希,1.77米,null,null,1990年8月25日,null,https://baike.baidu.com/item/%E9%9D%92%E5%B1%B1%E6%B2%99%E5%B8%8C,"https://bkimg.cdn.bcebos.com/pic/0df3d7ca7bcb0a46951d6cb16163f6246b60af7f?x-bce-process=image/resize,m_lfit,w_268,limit_1/format,f_jpg"
浅乃晴美,158 厘米,null,91 - 58 - 83 cm,G罩杯,1986年4月6日,白羊座,https://baike.baidu.com/item/%E6%B5%85%E4%B9%83%E6%99%B4%E7%BE%8E,"https://bkimg.cdn.bcebos.com/pic/bf096b63f6246b60908e19d7e5f81a4c500fa295?x-bce-process=image/resize,m_lfit,w_268,limit_1/format,f_jpg"
仁科沙也加,153cm,null,B83（Dカップ-65）W58H86cm,1987年12月11日,null,https://baike.baidu.com/item/%E4%BB%81%E7%A7%91%E6%B2%99%E4%B9%9F%E5%8A%A0,"https://bkimg.cdn.bcebos.com/pic/14ce36d3d539b6006571cef1e150352ac65cb73d?x-bce-process=image/resize,m_lfit,w_268,limit_1/format,f_jpg"
石原莉奈,155厘米,null,B85 / W56 / H84,1987年8月29日,处女座,https://baike.baidu.com/item/%E7%9F%B3%E5%8E%9F%E8%8E%89%E5%A5%88,"https://bkimg.cdn.bcebos.com/pic/1ad5ad6eddc451da8862fc39bcfd5266d116324f?x-bce-process=image/resize,m_lfit,w_268,limit_1/format,f_jpg"
杉浦美由,153cm,null,83、57、86（cm）,1984年4月1日,白羊座,https://baike.baidu.com/item/%E6%9D%89%E6%B5%A6%E7%BE%8E%E7%94%B1,"https://bkimg.cdn.bcebos.com/pic/4a36acaf2edda3ccd35532d10be93901203f928a?x-bce-process=image/resize,m_lfit,w_268,limit_1/format,f_jpg"
小森美树,158cm,null,B90 W58 H86（ E）,1982年8月12日,狮子座,https://baike.baidu.com/item/%E5%B0%8F%E6%A3%AE%E7%BE%8E%E6%A0%91,"https://bkimg.cdn.bcebos.com/pic/43a7d933c895d1438eb611267bf082025baf07f6?x-bce-process=image/resize,m_lfit,w_268,limit_1/format,f_jpg"
长谷川美红,null,null,85 - 60 - 86 cm,1980年4月2日,null,https://baike.baidu.com/item/%E9%95%BF%E8%B0%B7%E5%B7%9D%E7%BE%8E%E7%BA%A2,"https://bkimg.cdn.bcebos.com/pic/3b292df5e0fe99251654b46133a85edf8db171a3?x-bce-process=image/resize,m_lfit,w_268,limit_1/format,f_jpg"
前田优希,154cm,null,B97cm W59cm H88cm,1990年5月25日,null,https://baike.baidu.com/item/%E5%89%8D%E7%94%B0%E4%BC%98%E5%B8%8C,"https://bkimg.cdn.bcebos.com/pic/a6efce1b9d16fdfa160b3f7ebe8f8c5494ee7b3f?x-bce-process=image/resize,m_lfit,w_268,limit_1/format,f_jpg"
原纱央莉,165公分,null,85、61、85（E罩杯）,1988年1月1日,null,https://baike.baidu.com/item/%E5%8E%9F%E7%BA%B1%E5%A4%AE%E8%8E%89,"https://bkimg.cdn.bcebos.com/pic/b7fd5266d0160924150581cdde0735fae7cd34c7?x-bce-process=image/resize,m_lfit,w_268,limit_1/format,f_jpg"
羽月希,154cm 鞋尺码：23 cm,null,B88-W58-H86 罩杯：F,1988年7月31日,狮子座,https://baike.baidu.com/item/%E7%BE%BD%E6%9C%88%E5%B8%8C,"https://bkimg.cdn.bcebos.com/pic/d058ccbf6c81800a572de1f8b13533fa838b477f?x-bce-process=image/resize,m_lfit,w_268,limit_1/format,f_jpg"
濑户由衣,160cm,null,null,1983年2月16日,null,https://baike.baidu.com/item/%E6%BF%91%E6%88%B7%E7%94%B1%E8%A1%A3,"https://bkimg.cdn.bcebos.com/pic/c995d143ad4bd1134c4e26db50afa40f4afb0553?x-bce-process=image/resize,m_lfit,w_268,limit_1/format,f_jpg"
朝田芭娜娜,163 厘米,null,null,null,null,https://baike.baidu.com/item/%E6%9C%9D%E7%94%B0%E8%8A%AD%E5%A8%9C%E5%A8%9C,"https://bkimg.cdn.bcebos.com/pic/e1fe9925bc315c607c2d0ea18eb1cb13485477c7?x-bce-process=image/resize,m_lfit,w_268,limit_1/format,f_jpg"
石黑京香,165 厘米,null,null,null,null,https://baike.baidu.com/item/%E7%9F%B3%E9%BB%91%E4%BA%AC%E9%A6%99,"https://bkimg.cdn.bcebos.com/pic/c2fdfc039245d688f38e20d7a4c27d1ed21b2430?x-bce-process=image/resize,m_lfit,w_268,limit_1/format,f_jpg"
麻生希,170cm,null,null,1988年12月20日,射手座,https://baike.baidu.com/item/%E9%BA%BB%E7%94%9F%E5%B8%8C,"https://bkimg.cdn.bcebos.com/pic/f703738da9773912d7a72858f4198618367ae202?x-bce-process=image/resize,m_lfit,w_268,limit_1/format,f_jpg"
