大泽惠,中文名,大泽惠
大泽惠,身高,162cm
大泽惠,体重,47kg
大泽惠,三围,null
大泽惠,出生日期,null
大泽惠,星座,双子座
大泽惠,代表作品,null
大泽惠,链接,https://baike.baidu.com/item/%E5%A4%A7%E6%B3%BD%E6%83%A0
大泽惠,照片,https://bkimg.cdn.bcebos.com/pic/10dfa9ec8a136327ab1aa0189a8fa0ec08fac722?x-bce-process=image/resize,m_lfit,w_268,limit_1/format,f_jpg
美咲沙耶,中文名,美咲沙耶
美咲沙耶,身高,null
美咲沙耶,体重,null
美咲沙耶,三围,null
美咲沙耶,出生日期,1985年9月17日
美咲沙耶,星座,null
美咲沙耶,代表作品,null
美咲沙耶,链接,https://baike.baidu.com/item/%E7%BE%8E%E5%92%B2%E6%B2%99%E8%80%B6
美咲沙耶,照片,https://bkimg.cdn.bcebos.com/pic/f9198618367adab4b31c25ac81d4b31c8601e415?x-bce-process=image/resize,m_lfit,w_268,limit_1/format,f_jpg
石川铃华,中文名,石川铃华
石川铃华,身高,158cm
石川铃华,体重,null
石川铃华,三围,90-56-83
石川铃华,出生日期,1988年8月17日
石川铃华,星座,null
石川铃华,代表作品,null
石川铃华,链接,https://baike.baidu.com/item/%E7%9F%B3%E5%B7%9D%E9%93%83%E5%8D%8E
石川铃华,照片,https://bkimg.cdn.bcebos.com/pic/8435e5dde71190efd32342d0ce1b9d16fcfa60e1?x-bce-process=image/resize,m_lfit,w_268,limit_1/format,f_jpg
早见琉璃,中文名,早见琉璃
早见琉璃,身高,167 厘米
早见琉璃,体重,null
早见琉璃,三围,null
早见琉璃,出生日期,null
早见琉璃,星座,null
早见琉璃,代表作品,null
早见琉璃,链接,https://baike.baidu.com/item/%E6%97%A9%E8%A7%81%E7%90%89%E7%92%83
早见琉璃,照片,https://bkimg.cdn.bcebos.com/pic/4d086e061d950a7b822be1f20dd162d9f2d3c9ee?x-bce-process=image/resize,m_lfit,w_268,limit_1/format,f_jpg
羽田未来,中文名,羽田未来
羽田未来,身高,null
羽田未来,体重,null
羽田未来,三围,null
羽田未来,出生日期,null
羽田未来,星座,null
羽田未来,代表作品,null
羽田未来,链接,https://baike.baidu.com/item/%E7%BE%BD%E7%94%B0%E6%9C%AA%E6%9D%A5
羽田未来,照片,https://bkimg.cdn.bcebos.com/pic/a686c9177f3e67093724c57431c79f3df8dc5511?x-bce-process=image/resize,m_lfit,w_268,limit_1/format,f_jpg
小泉梨菜,中文名,小泉梨菜
小泉梨菜,身高,153cm
小泉梨菜,体重,null
小泉梨菜,三围,82-56-82 cm
小泉梨菜,出生日期,1989年3月3日
小泉梨菜,星座,null
小泉梨菜,代表作品,null
小泉梨菜,链接,https://baike.baidu.com/item/%E5%B0%8F%E6%B3%89%E6%A2%A8%E8%8F%9C
小泉梨菜,照片,https://bkimg.cdn.bcebos.com/pic/4034970a304e251f1ac7cf6dad86c9177f3e5376?x-bce-process=image/resize,m_lfit,w_268,limit_1/format,f_jpg
二宫沙树,中文名,二宫沙树
二宫沙树,身高,158cm
二宫沙树,体重,null
二宫沙树,三围,86.60.86(C cup)
二宫沙树,出生日期,1985/04/10
二宫沙树,星座,null
二宫沙树,代表作品,null
二宫沙树,链接,https://baike.baidu.com/item/%E4%BA%8C%E5%AE%AB%E6%B2%99%E6%A0%91
二宫沙树,照片,https://bkimg.cdn.bcebos.com/pic/42a98226cffc1e17ac436a4a4290f603728de9c9?x-bce-process=image/resize,m_lfit,w_268,limit_1/format,f_jpg
星野明,中文名,星野明
星野明,身高,162cm
星野明,体重,null
星野明,三围,null
星野明,出生日期,1985年8月24日
星野明,星座,null
星野明,代表作品,null
星野明,链接,https://baike.baidu.com/item/%E6%98%9F%E9%87%8E%E6%98%8E
星野明,照片,null
椎名由奈,中文名,椎名由奈
椎名由奈,身高,158cm
椎名由奈,体重,null
椎名由奈,三围,B88 W58 H85
椎名由奈,出生日期,1986年11月18日
椎名由奈,星座,天蝎座
椎名由奈,代表作品,「椎名ゆな、セル解禁」
椎名由奈,链接,https://baike.baidu.com/item/%E6%A4%8E%E5%90%8D%E7%94%B1%E5%A5%88
椎名由奈,照片,https://bkimg.cdn.bcebos.com/pic/b21bb051f81986188a8e9c7d40ed2e738ad4e67a?x-bce-process=image/resize,m_lfit,w_268,limit_1/format,f_jpg
青木玲,中文名,青木玲
青木玲,身高,160cm
青木玲,体重,null
青木玲,三围,86/58/86
青木玲,出生日期,1984年7月11日
青木玲,星座,null
青木玲,代表作品,H 青木玲、THE BEST OF 青木玲
青木玲,链接,https://baike.baidu.com/item/%E9%9D%92%E6%9C%A8%E7%8E%B2
青木玲,照片,https://bkimg.cdn.bcebos.com/pic/78310a55b319ebc4d307db6e8226cffc1f1716cd?x-bce-process=image/resize,m_lfit,w_268,limit_1/format,f_jpg
星艾莉丝,中文名,星艾莉丝
星艾莉丝,身高,162cm
星艾莉丝,体重,48kg
星艾莉丝,三围,100 - 63 - 88 cm
星艾莉丝,出生日期,1983年9月12日
星艾莉丝,星座,null
星艾莉丝,代表作品,null
星艾莉丝,链接,https://baike.baidu.com/item/%E6%98%9F%E8%89%BE%E8%8E%89%E4%B8%9D
星艾莉丝,照片,https://bkimg.cdn.bcebos.com/pic/38dbb6fd5266d016775df61e952bd40735fa35bb?x-bce-process=image/resize,m_lfit,w_268,limit_1/format,f_jpg
鮎川奈绪,中文名,鲇川奈绪
鮎川奈绪,身高,null
鮎川奈绪,体重,null
鮎川奈绪,三围,null
鮎川奈绪,出生日期,1985年10月25日
鮎川奈绪,星座,null
鮎川奈绪,代表作品,null
鮎川奈绪,链接,https://baike.baidu.com/item/%E9%AE%8E%E5%B7%9D%E5%A5%88%E7%BB%AA
鮎川奈绪,照片,null
秋川露依,中文名,秋川露依
秋川露依,身高,155厘米
秋川露依,体重,null
秋川露依,三围,103 - 60 - 88 cm
秋川露依,出生日期,1988年8月28日
秋川露依,星座,null
秋川露依,代表作品,null
秋川露依,链接,https://baike.baidu.com/item/%E7%A7%8B%E5%B7%9D%E9%9C%B2%E4%BE%9D
秋川露依,照片,null
内山遥,中文名,内山遥
内山遥,身高,161CM
内山遥,体重,48公斤
内山遥,三围,84-59-86cm
内山遥,出生日期,1987年7月7日
内山遥,星座,null
内山遥,代表作品,null
内山遥,链接,https://baike.baidu.com/item/%E5%86%85%E5%B1%B1%E9%81%A5
内山遥,照片,https://bkimg.cdn.bcebos.com/pic/bba1cd11728b471057c31e7bc0cec3fdfd03239d?x-bce-process=image/resize,m_lfit,w_268,limit_1/format,f_jpg
香澄果穗,中文名,佳澄果穗
香澄果穗,身高,153cm
香澄果穗,体重,null
香澄果穗,三围,85-58-82(cm)
香澄果穗,出生日期,1984年10月14日
香澄果穗,星座,天秤座
香澄果穗,代表作品,null
香澄果穗,链接,https://baike.baidu.com/item/%E9%A6%99%E6%BE%84%E6%9E%9C%E7%A9%97
香澄果穗,照片,https://bkimg.cdn.bcebos.com/pic/ac4bd11373f08202d632f39647fbfbedaa641bf2?x-bce-process=image/resize,m_lfit,w_268,limit_1/format,f_jpg
麻田有希,中文名,麻田有希
麻田有希,身高,155CM
麻田有希,体重,54公斤
麻田有希,三围,null
麻田有希,出生日期,1989年5月10日
麻田有希,星座,null
麻田有希,代表作品,null
麻田有希,链接,https://baike.baidu.com/item/%E9%BA%BB%E7%94%B0%E6%9C%89%E5%B8%8C
麻田有希,照片,https://bkimg.cdn.bcebos.com/pic/a50f4bfbfbedab64f5d297d6f836afc379311e00?x-bce-process=image/resize,m_lfit,w_268,limit_1/format,f_jpg
友崎玲,中文名,友崎玲
友崎玲,身高,160cm
友崎玲,体重,null
友崎玲,三围,B86 W58 H87
友崎玲,出生日期,1980年12月2日
友崎玲,星座,射手座
友崎玲,代表作品,null
友崎玲,链接,https://baike.baidu.com/item/%E5%8F%8B%E5%B4%8E%E7%8E%B2
友崎玲,照片,https://bkimg.cdn.bcebos.com/pic/b21bb051f8198618e54eec3449ed2e738bd4e671?x-bce-process=image/resize,m_lfit,w_268,limit_1/format,f_jpg
春菜花,中文名,null
春菜花,身高,null
春菜花,体重,null
春菜花,三围,null
春菜花,出生日期,null
春菜花,星座,null
春菜花,代表作品,null
春菜花,链接,https://baike.baidu.com/item/%E6%98%A5%E8%8F%9C%E8%8A%B1
春菜花,照片,null
神咲诗织,中文名,神咲诗织
神咲诗织,身高,161cm
神咲诗织,体重,null
神咲诗织,三围,B91 W58 H87
神咲诗织,出生日期,1990年8月25日
神咲诗织,星座,处女座
神咲诗织,代表作品,null
神咲诗织,链接,https://baike.baidu.com/item/%E7%A5%9E%E5%92%B2%E8%AF%97%E7%BB%87
神咲诗织,照片,https://bkimg.cdn.bcebos.com/pic/267f9e2f0708283894436422b999a9014c08f1be?x-bce-process=image/resize,m_lfit,w_268,limit_1/format,f_jpg
姬咲莉莉亚,中文名,姬咲莉莉亚
姬咲莉莉亚,身高,157厘米
姬咲莉莉亚,体重,null
姬咲莉莉亚,三围,90-57-85（G杯）
姬咲莉莉亚,出生日期,1985年10月10日
姬咲莉莉亚,星座,null
姬咲莉莉亚,代表作品,null
姬咲莉莉亚,链接,https://baike.baidu.com/item/%E5%A7%AC%E5%92%B2%E8%8E%89%E8%8E%89%E4%BA%9A
姬咲莉莉亚,照片,https://bkimg.cdn.bcebos.com/pic/472309f79052982283c445d2d3ca7bcb0a46d428?x-bce-process=image/resize,m_lfit,w_268,limit_1/format,f_jpg
AYA,中文名,null
AYA,身高,null
AYA,体重,null
AYA,三围,null
AYA,出生日期,null
AYA,星座,null
AYA,代表作品,null
AYA,链接,https://baike.baidu.com/item/AYA
AYA,照片,null
佐藤美沙,中文名,佐藤美沙
佐藤美沙,身高,null
佐藤美沙,体重,null
佐藤美沙,三围,null
佐藤美沙,出生日期,1988年5月21日
佐藤美沙,星座,null
佐藤美沙,代表作品,null
佐藤美沙,链接,https://baike.baidu.com/item/%E4%BD%90%E8%97%A4%E7%BE%8E%E6%B2%99
佐藤美沙,照片,https://bkimg.cdn.bcebos.com/pic/11385343fbf2b211a0bc97bac08065380dd78eb7?x-bce-process=image/resize,m_lfit,w_268,limit_1/format,f_jpg
天海翼,中文名,天海翼
天海翼,身高,160cm
天海翼,体重,null
天海翼,三围,85-60-88cm（E-65）
天海翼,出生日期,1988年3月8日
天海翼,星座,null
天海翼,代表作品,null
天海翼,链接,https://baike.baidu.com/item/%E5%A4%A9%E6%B5%B7%E7%BF%BC
天海翼,照片,https://bkimg.cdn.bcebos.com/pic/5d6034a85edf8db1e90a3bb30323dd54574e74c4?x-bce-process=image/resize,m_lfit,w_268,limit_1/format,f_jpg
西田美沙,中文名,西田美沙
西田美沙,身高,156CM
西田美沙,体重,null
西田美沙,三围,88-58-87（F罩杯）
西田美沙,出生日期,1982年7月21日
西田美沙,星座,巨蟹座
西田美沙,代表作品,null
西田美沙,链接,https://baike.baidu.com/item/%E8%A5%BF%E7%94%B0%E7%BE%8E%E6%B2%99
西田美沙,照片,https://bkimg.cdn.bcebos.com/pic/024f78f0f736afc3bc9e2399b919ebc4b64512bf?x-bce-process=image/resize,m_lfit,w_268,limit_1/format,f_jpg
心有花,中文名,心有花
心有花,身高,160 cm
心有花,体重,null
心有花,三围,null
心有花,出生日期,1988年6月20日
心有花,星座,null
心有花,代表作品,null
心有花,链接,https://baike.baidu.com/item/%E5%BF%83%E6%9C%89%E8%8A%B1
心有花,照片,https://bkimg.cdn.bcebos.com/pic/472309f7905298225e931ce6d5ca7bcb0a46d476?x-bce-process=image/resize,m_lfit,w_268,limit_1/format,f_jpg
相户爱,中文名,相户爱
相户爱,身高,155 厘米
相户爱,体重,44 公斤
相户爱,三围,90 - 58 - 85 cm
相户爱,出生日期,null
相户爱,星座,null
相户爱,代表作品,null
相户爱,链接,https://baike.baidu.com/item/%E7%9B%B8%E6%88%B7%E7%88%B1
相户爱,照片,https://bkimg.cdn.bcebos.com/pic/95eef01f3a292df5345a251abb315c6034a87320?x-bce-process=image/resize,m_lfit,w_268,limit_1/format,f_jpg
平井绫,中文名,平井绫
平井绫,身高,153CM
平井绫,体重,null
平井绫,三围,null
平井绫,出生日期,1989年03月08日
平井绫,星座,null
平井绫,代表作品,初少女 平井绫
平井绫,链接,https://baike.baidu.com/item/%E5%B9%B3%E4%BA%95%E7%BB%AB
平井绫,照片,https://bkimg.cdn.bcebos.com/pic/37d3d539b6003af3aedd57b13f2ac65c1138b6f8?x-bce-process=image/resize,m_lfit,w_268,limit_1/format,f_jpg
速水百花,中文名,速水百花
速水百花,身高,151厘米
速水百花,体重,null
速水百花,三围,94 - 60 - 87 cm
速水百花,出生日期,1989-6-30
速水百花,星座,null
速水百花,代表作品,null
速水百花,链接,https://baike.baidu.com/item/%E9%80%9F%E6%B0%B4%E7%99%BE%E8%8A%B1
速水百花,照片,https://bkimg.cdn.bcebos.com/pic/060828381f30e9246d6d95bd46086e061c95f775?x-bce-process=image/resize,m_lfit,w_268,limit_1/format,f_jpg
小峰由衣,中文名,小峰由衣
小峰由衣,身高,160cm
小峰由衣,体重,null
小峰由衣,三围,B/88cm W/59cm H/87cm
小峰由衣,出生日期,null
小峰由衣,星座,null
小峰由衣,代表作品,null
小峰由衣,链接,https://baike.baidu.com/item/%E5%B0%8F%E5%B3%B0%E7%94%B1%E8%A1%A3
小峰由衣,照片,https://bkimg.cdn.bcebos.com/pic/c83d70cf3bc79f3d44cad277b8a1cd11728b2949?x-bce-process=image/resize,m_lfit,w_268,limit_1/format,f_jpg
管野静香,中文名,管野静香
管野静香,身高,null
管野静香,体重,null
管野静香,三围,null
管野静香,出生日期,1987年11月13日
管野静香,星座,null
管野静香,代表作品,null
管野静香,链接,https://baike.baidu.com/item/%E7%AE%A1%E9%87%8E%E9%9D%99%E9%A6%99
管野静香,照片,https://bkimg.cdn.bcebos.com/pic/e850352ac65c10386085d784b0119313b17e89f8?x-bce-process=image/resize,m_lfit,w_268,limit_1/format,f_jpg
香山圣,中文名,香山圣
香山圣,身高,160cm
香山圣,体重,null
香山圣,三围,B:83cm(C-65) W:58cm H:84cm
香山圣,出生日期,1984年11月11日
香山圣,星座,null
香山圣,代表作品,null
香山圣,链接,https://baike.baidu.com/item/%E9%A6%99%E5%B1%B1%E5%9C%A3
香山圣,照片,https://bkimg.cdn.bcebos.com/pic/eac4b74543a98226341e1a578a82b9014b90ebe7?x-bce-process=image/resize,m_lfit,w_268,limit_1/format,f_jpg
叶月奈穗,中文名,叶月奈穗
叶月奈穗,身高,158厘米
叶月奈穗,体重,null
叶月奈穗,三围,35 - 22 - 37（H罩）
叶月奈穗,出生日期,1984年5月3日
叶月奈穗,星座,null
叶月奈穗,代表作品,null
叶月奈穗,链接,https://baike.baidu.com/item/%E5%8F%B6%E6%9C%88%E5%A5%88%E7%A9%97
叶月奈穗,照片,https://bkimg.cdn.bcebos.com/pic/58ee3d6d55fbb2fbf0ce1121484a20a44623dc18?x-bce-process=image/resize,m_lfit,w_268,limit_1/format,f_jpg
川嶋夏树,中文名,川嶋夏树
川嶋夏树,身高,168 厘米
川嶋夏树,体重,null
川嶋夏树,三围,100 - 62 - 93 cm
川嶋夏树,出生日期,1979年7月3日
川嶋夏树,星座,null
川嶋夏树,代表作品,null
川嶋夏树,链接,https://baike.baidu.com/item/%E5%B7%9D%E5%B6%8B%E5%A4%8F%E6%A0%91
川嶋夏树,照片,https://bkimg.cdn.bcebos.com/pic/d31b0ef41bd5ad6e30c5b3fa86cb39dbb6fd3ce6?x-bce-process=image/resize,m_lfit,w_268,limit_1/format,f_jpg
长泽筑实,中文名,长泽筑实
长泽筑实,身高,160cm
长泽筑实,体重,null
长泽筑实,三围,null
长泽筑实,出生日期,1985年3月29日
长泽筑实,星座,null
长泽筑实,代表作品,null
长泽筑实,链接,https://baike.baidu.com/item/%E9%95%BF%E6%B3%BD%E7%AD%91%E5%AE%9E
长泽筑实,照片,https://bkimg.cdn.bcebos.com/pic/5fdf8db1cb13495487ebcd9d544e9258d0094a55?x-bce-process=image/resize,m_lfit,w_268,limit_1/format,f_jpg
樱井梨花,中文名,桜井梨花
樱井梨花,身高,null
樱井梨花,体重,null
樱井梨花,三围,B83(C)cm W54cm H81c
樱井梨花,出生日期,1985年12月04日
樱井梨花,星座,null
樱井梨花,代表作品,null
樱井梨花,链接,https://baike.baidu.com/item/%E6%A8%B1%E4%BA%95%E6%A2%A8%E8%8A%B1
樱井梨花,照片,https://bkimg.cdn.bcebos.com/pic/e4dde71190ef76c69ed586bd9716fdfaaf516724?x-bce-process=image/resize,m_lfit,w_268,limit_1/format,f_jpg
伊藤青叶,中文名,伊藤青叶
伊藤青叶,身高,153厘米
伊藤青叶,体重,null
伊藤青叶,三围,83-60-84 cm（A杯）
伊藤青叶,出生日期,1989年6月7日
伊藤青叶,星座,null
伊藤青叶,代表作品,null
伊藤青叶,链接,https://baike.baidu.com/item/%E4%BC%8A%E8%97%A4%E9%9D%92%E5%8F%B6
伊藤青叶,照片,https://bkimg.cdn.bcebos.com/pic/0b46f21fbe096b63b6b997ad06338744eaf8acaf?x-bce-process=image/resize,m_lfit,w_268,limit_1/format,f_jpg
伊东遥,中文名,伊东遥
伊东遥,身高,160cm
伊东遥,体重,null
伊东遥,三围,81（C罩杯）-58-87
伊东遥,出生日期,1986年12月13日
伊东遥,星座,射手座
伊东遥,代表作品,null
伊东遥,链接,https://baike.baidu.com/item/%E4%BC%8A%E4%B8%9C%E9%81%A5
伊东遥,照片,https://bkimg.cdn.bcebos.com/pic/f9dcd100baa1cd1170f384d6b912c8fcc2ce2dfa?x-bce-process=image/resize,m_lfit,w_268,limit_1/format,f_jpg
杏树纱奈,中文名,杏树纱奈
杏树纱奈,身高,null
杏树纱奈,体重,null
杏树纱奈,三围,null
杏树纱奈,出生日期,1989年1月14日
杏树纱奈,星座,null
杏树纱奈,代表作品,null
杏树纱奈,链接,https://baike.baidu.com/item/%E6%9D%8F%E6%A0%91%E7%BA%B1%E5%A5%88
杏树纱奈,照片,https://bkimg.cdn.bcebos.com/pic/562c11dfa9ec8a134220648ef403918fa0ecc0a1?x-bce-process=image/resize,m_lfit,w_268,limit_1/format,f_jpg
七咲枫花,中文名,树花凛
七咲枫花,身高,null
七咲枫花,体重,null
七咲枫花,三围,null
七咲枫花,出生日期,1988年7月15日
七咲枫花,星座,null
七咲枫花,代表作品,null
七咲枫花,链接,https://baike.baidu.com/item/%E4%B8%83%E5%92%B2%E6%9E%AB%E8%8A%B1
七咲枫花,照片,https://bkimg.cdn.bcebos.com/pic/c8ea15ce36d3d539e21dc0773687e950352ab066?x-bce-process=image/resize,m_lfit,w_268,limit_1/format,f_jpg
爱川香织,中文名,爱川香织
爱川香织,身高,163厘米
爱川香织,体重,null
爱川香织,三围,84-60-88cm（D杯）
爱川香织,出生日期,1987年3月3日
爱川香织,星座,null
爱川香织,代表作品,null
爱川香织,链接,https://baike.baidu.com/item/%E7%88%B1%E5%B7%9D%E9%A6%99%E7%BB%87
爱川香织,照片,https://bkimg.cdn.bcebos.com/pic/ae51f3deb48f8c54727753de30292df5e1fe7f9f?x-bce-process=image/resize,m_lfit,w_268,limit_1/format,f_jpg
黑泽英里奈,中文名,黑泽英里奈
黑泽英里奈,身高,null
黑泽英里奈,体重,null
黑泽英里奈,三围,null
黑泽英里奈,出生日期,1985年7月18日
黑泽英里奈,星座,null
黑泽英里奈,代表作品,null
黑泽英里奈,链接,https://baike.baidu.com/item/%E9%BB%91%E6%B3%BD%E8%8B%B1%E9%87%8C%E5%A5%88
黑泽英里奈,照片,null
星野飞鸟,中文名,星野飞鸟
星野飞鸟,身高,null
星野飞鸟,体重,null
星野飞鸟,三围,null
星野飞鸟,出生日期,1986年12月5日
星野飞鸟,星座,null
星野飞鸟,代表作品,null
星野飞鸟,链接,https://baike.baidu.com/item/%E6%98%9F%E9%87%8E%E9%A3%9E%E9%B8%9F
星野飞鸟,照片,https://bkimg.cdn.bcebos.com/pic/a2cc7cd98d1001e9bd68cc9ab20e7bec55e797cb?x-bce-process=image/resize,m_lfit,w_268,limit_1/format,f_jpg
原明奈,中文名,null
原明奈,身高,null
原明奈,体重,null
原明奈,三围,null
原明奈,出生日期,null
原明奈,星座,null
原明奈,代表作品,null
原明奈,链接,https://baike.baidu.com/item/%E5%8E%9F%E6%98%8E%E5%A5%88
原明奈,照片,null
辻沙耶香,中文名,辻沙耶香
辻沙耶香,身高,158cm
辻沙耶香,体重,null
辻沙耶香,三围,null
辻沙耶香,出生日期,1986年3月20日
辻沙耶香,星座,null
辻沙耶香,代表作品,null
辻沙耶香,链接,https://baike.baidu.com/item/%E8%BE%BB%E6%B2%99%E8%80%B6%E9%A6%99
辻沙耶香,照片,https://bkimg.cdn.bcebos.com/pic/ac6eddc451da81cbd38455955e66d0160924310c?x-bce-process=image/resize,m_lfit,w_268,limit_1/format,f_jpg
原田明绘,中文名,原田明绘
原田明绘,身高,148cm
原田明绘,体重,null
原田明绘,三围,null
原田明绘,出生日期,1987年1月22日
原田明绘,星座,null
原田明绘,代表作品,null
原田明绘,链接,https://baike.baidu.com/item/%E5%8E%9F%E7%94%B0%E6%98%8E%E7%BB%98
原田明绘,照片,https://bkimg.cdn.bcebos.com/pic/0823dd54564e9258d8bd3c4b9082d158cdbf4e8d?x-bce-process=image/resize,m_lfit,w_268,limit_1/format,f_jpg
北川绘美,中文名,北川绘美
北川绘美,身高,156cm
北川绘美,体重,null
北川绘美,三围,null
北川绘美,出生日期,1982年3月24日
北川绘美,星座,null
北川绘美,代表作品,null
北川绘美,链接,https://baike.baidu.com/item/%E5%8C%97%E5%B7%9D%E7%BB%98%E7%BE%8E
北川绘美,照片,https://bkimg.cdn.bcebos.com/pic/242dd42a2834349b7ba38aefc2ea15ce36d3be37?x-bce-process=image/resize,m_lfit,w_268,limit_1/format,f_jpg
小林爱弓,中文名,小林爱弓
小林爱弓,身高,null
小林爱弓,体重,null
小林爱弓,三围,null
小林爱弓,出生日期,1985年9月20日
小林爱弓,星座,null
小林爱弓,代表作品,null
小林爱弓,链接,https://baike.baidu.com/item/%E5%B0%8F%E6%9E%97%E7%88%B1%E5%BC%93
小林爱弓,照片,https://bkimg.cdn.bcebos.com/pic/c9fcc3cec3fdfc03dc29a235de3f8794a5c226ed?x-bce-process=image/resize,m_lfit,w_268,limit_1/format,f_jpg
大泽美加,中文名,大泽美加
大泽美加,身高,154cm
大泽美加,体重,null
大泽美加,三围,null
大泽美加,出生日期,1991年2月23日
大泽美加,星座,双鱼座
大泽美加,代表作品,null
大泽美加,链接,https://baike.baidu.com/item/%E5%A4%A7%E6%B3%BD%E7%BE%8E%E5%8A%A0
大泽美加,照片,https://bkimg.cdn.bcebos.com/pic/18d8bc3eb13533fa7ec9156fa8d3fd1f41345b70?x-bce-process=image/resize,m_lfit,w_268,limit_1/format,f_jpg
吉冈美奈,中文名,吉冈美奈
吉冈美奈,身高,163厘米
吉冈美奈,体重,null
吉冈美奈,三围,86-58-86cm（D罩）
吉冈美奈,出生日期,1973年6月23日
吉冈美奈,星座,null
吉冈美奈,代表作品,null
吉冈美奈,链接,https://baike.baidu.com/item/%E5%90%89%E5%86%88%E7%BE%8E%E5%A5%88
吉冈美奈,照片,https://bkimg.cdn.bcebos.com/pic/8326cffc1e178a8284708816f503738da977e83c?x-bce-process=image/resize,m_lfit,w_268,limit_1/format,f_jpg
铃木里美,中文名,铃木里美
铃木里美,身高,148 厘米
铃木里美,体重,null
铃木里美,三围,B90、W58、H84
铃木里美,出生日期,1988年9月12日
铃木里美,星座,null
铃木里美,代表作品,null
铃木里美,链接,https://baike.baidu.com/item/%E9%93%83%E6%9C%A8%E9%87%8C%E7%BE%8E
铃木里美,照片,null
北条麻妃,中文名,北条麻妃
北条麻妃,身高,168cm
北条麻妃,体重,null
北条麻妃,三围,86-58-90cm
北条麻妃,出生日期,1974年3月26日
北条麻妃,星座,null
北条麻妃,代表作品,null
北条麻妃,链接,https://baike.baidu.com/item/%E5%8C%97%E6%9D%A1%E9%BA%BB%E5%A6%83
北条麻妃,照片,https://bkimg.cdn.bcebos.com/pic/b17eca8065380cd7b2dead6cad44ad345882816a?x-bce-process=image/resize,m_lfit,w_268,limit_1/format,f_jpg
神谷姬,中文名,神谷姬
神谷姬,身高,null
神谷姬,体重,null
神谷姬,三围,null
神谷姬,出生日期,1985年5月24日
神谷姬,星座,null
神谷姬,代表作品,null
神谷姬,链接,https://baike.baidu.com/item/%E7%A5%9E%E8%B0%B7%E5%A7%AC
神谷姬,照片,https://bkimg.cdn.bcebos.com/pic/2934349b033b5bb59e58eaf136d3d539b600bc36?x-bce-process=image/resize,m_lfit,w_268,limit_1/format,f_jpg
神河美音,中文名,神河 美音
神河美音,身高,158 厘米(2010年检查)
神河美音,体重,null
神河美音,三围,81 - 58 - 83 cm(2010年检查)
神河美音,出生日期,1989年5月6日
神河美音,星座,null
神河美音,代表作品,null
神河美音,链接,https://baike.baidu.com/item/%E7%A5%9E%E6%B2%B3%E7%BE%8E%E9%9F%B3
神河美音,照片,https://bkimg.cdn.bcebos.com/pic/1b4c510fd9f9d72a9647746edc2a2834349bbba6?x-bce-process=image/resize,m_lfit,w_268,limit_1/format,f_jpg
筱惠美,中文名,筱惠美
筱惠美,身高,169CM
筱惠美,体重,50kg
筱惠美,三围,79-58-85 cm
筱惠美,出生日期,1990年9月8日
筱惠美,星座,null
筱惠美,代表作品,null
筱惠美,链接,https://baike.baidu.com/item/%E7%AD%B1%E6%83%A0%E7%BE%8E
筱惠美,照片,https://bkimg.cdn.bcebos.com/pic/8ad4b31c8701a18b257a55b59e2f07082938feb3?x-bce-process=image/resize,m_lfit,w_268,limit_1/format,f_jpg
大浦安娜,中文名,大浦安娜
大浦安娜,身高,157cm [2]
大浦安娜,体重,null
大浦安娜,三围,null
大浦安娜,出生日期,1980年5月30日
大浦安娜,星座,双子座
大浦安娜,代表作品,null
大浦安娜,链接,https://baike.baidu.com/item/%E5%A4%A7%E6%B5%A6%E5%AE%89%E5%A8%9C
大浦安娜,照片,https://bkimg.cdn.bcebos.com/pic/ac345982b2b7d0a2310618b6c1ef76094a369ac9?x-bce-process=image/resize,m_lfit,w_268,limit_1/format,f_jpg
三浦亚沙妃,中文名,三浦亚沙妃
三浦亚沙妃,身高,167CM
三浦亚沙妃,体重,40公斤
三浦亚沙妃,三围,85 - 58 - 86 cm
三浦亚沙妃,出生日期,1978年2月22日
三浦亚沙妃,星座,null
三浦亚沙妃,代表作品,null
三浦亚沙妃,链接,https://baike.baidu.com/item/%E4%B8%89%E6%B5%A6%E4%BA%9A%E6%B2%99%E5%A6%83
三浦亚沙妃,照片,https://bkimg.cdn.bcebos.com/pic/72f082025aafa40f6070474ba164034f79f019f5?x-bce-process=image/resize,m_lfit,w_268,limit_1/format,f_jpg
ASUKA,中文名,null
ASUKA,身高,null
ASUKA,体重,null
ASUKA,三围,null
ASUKA,出生日期,null
ASUKA,星座,null
ASUKA,代表作品,null
ASUKA,链接,https://baike.baidu.com/item/ASUKA
ASUKA,照片,null
泽木树里,中文名,null
泽木树里,身高,null
泽木树里,体重,null
泽木树里,三围,null
泽木树里,出生日期,null
泽木树里,星座,null
泽木树里,代表作品,null
泽木树里,链接,https://baike.baidu.com/item/%E6%B3%BD%E6%9C%A8%E6%A0%91%E9%87%8C
泽木树里,照片,null
周防雪子,中文名,周防雪子
周防雪子,身高,null
周防雪子,体重,null
周防雪子,三围,null
周防雪子,出生日期,1988年12月3日
周防雪子,星座,null
周防雪子,代表作品,3D肉蒲团
周防雪子,链接,https://baike.baidu.com/item/%E5%91%A8%E9%98%B2%E9%9B%AA%E5%AD%90
周防雪子,照片,https://bkimg.cdn.bcebos.com/pic/d833c895d143ad4b446839e38f025aafa40f064a?x-bce-process=image/resize,m_lfit,w_268,limit_1/format,f_jpg
波多野结衣,中文名,波多野结衣
波多野结衣,身高,163cm
波多野结衣,体重,null
波多野结衣,三围,null
波多野结衣,出生日期,1988年05月24日
波多野结衣,星座,null
波多野结衣,代表作品,null
波多野结衣,链接,https://baike.baidu.com/item/%E6%B3%A2%E5%A4%9A%E9%87%8E%E7%BB%93%E8%A1%A3
波多野结衣,照片,https://bkimg.cdn.bcebos.com/pic/fd039245d688d43f63d84526771ed21b0ff43bf5?x-bce-process=image/resize,m_lfit,w_268,limit_1/format,f_jpg
冬月枫,中文名,冬月枫（东月枫）
冬月枫,身高,163CM
冬月枫,体重,null
冬月枫,三围,B84、W58、H84
冬月枫,出生日期,1988年09月14日
冬月枫,星座,null
冬月枫,代表作品,null
冬月枫,链接,https://baike.baidu.com/item/%E5%86%AC%E6%9C%88%E6%9E%AB
冬月枫,照片,https://bkimg.cdn.bcebos.com/pic/fcfaaf51f3deb48fc91cd70afa1f3a292cf578e8?x-bce-process=image/resize,m_lfit,w_268,limit_1/format,f_jpg
大冢咲,中文名,大冢咲
大冢咲,身高,158 cm
大冢咲,体重,null
大冢咲,三围,90 - 58 - 85 cm
大冢咲,出生日期,1984年10月1日
大冢咲,星座,天秤座
大冢咲,代表作品,超熟女
大冢咲,链接,https://baike.baidu.com/item/%E5%A4%A7%E5%86%A2%E5%92%B2
大冢咲,照片,https://bkimg.cdn.bcebos.com/pic/d31b0ef41bd5ad6e39fda08380cb39dbb6fd3c57?x-bce-process=image/resize,m_lfit,w_268,limit_1/format,f_jpg
天宫真奈美,中文名,天宫真奈美
天宫真奈美,身高,163 cm
天宫真奈美,体重,null
天宫真奈美,三围,86 - 58 - 85 cm
天宫真奈美,出生日期,1984-06-06
天宫真奈美,星座,null
天宫真奈美,代表作品,null
天宫真奈美,链接,https://baike.baidu.com/item/%E5%A4%A9%E5%AE%AB%E7%9C%9F%E5%A5%88%E7%BE%8E
天宫真奈美,照片,https://bkimg.cdn.bcebos.com/pic/b21bb051f8198618fb52ef1240ed2e738bd4e60b?x-bce-process=image/resize,m_lfit,w_268,limit_1/format,f_jpg
原千寻,中文名,原千寻
原千寻,身高,168cm
原千寻,体重,null
原千寻,三围,85-59-88
原千寻,出生日期,1984年5月22日
原千寻,星座,null
原千寻,代表作品,null
原千寻,链接,https://baike.baidu.com/item/%E5%8E%9F%E5%8D%83%E5%AF%BB
原千寻,照片,https://bkimg.cdn.bcebos.com/pic/8694a4c27d1ed21bd8bfe6eaad6eddc451da3f4f?x-bce-process=image/resize,m_lfit,w_268,limit_1/format,f_jpg
叶志穗,中文名,叶志穗
叶志穗,身高,159CM
叶志穗,体重,44公斤
叶志穗,三围,null
叶志穗,出生日期,1988年8月22日
叶志穗,星座,null
叶志穗,代表作品,null
叶志穗,链接,https://baike.baidu.com/item/%E5%8F%B6%E5%BF%97%E7%A9%97
叶志穗,照片,https://bkimg.cdn.bcebos.com/pic/a1ec08fa513d2697ad1309a95ffbb2fb4216d806?x-bce-process=image/resize,m_lfit,w_268,limit_1/format,f_jpg
濑奈凉,中文名,濑奈凉
濑奈凉,身高,162cm
濑奈凉,体重,null
濑奈凉,三围,null
濑奈凉,出生日期,1985年7月15日
濑奈凉,星座,null
濑奈凉,代表作品,null
濑奈凉,链接,https://baike.baidu.com/item/%E6%BF%91%E5%A5%88%E5%87%89
濑奈凉,照片,https://bkimg.cdn.bcebos.com/pic/cefc1e178a82b901b52a0b20748da9773912ef1b?x-bce-process=image/resize,m_lfit,w_268,limit_1/format,f_jpg
相泽唯衣,中文名,北原多香子
相泽唯衣,身高,163CM
相泽唯衣,体重,null
相泽唯衣,三围,B90cm (F-Cup) / 63cm/ 90cm
相泽唯衣,出生日期,1985年12月06日
相泽唯衣,星座,null
相泽唯衣,代表作品,null
相泽唯衣,链接,https://baike.baidu.com/item/%E7%9B%B8%E6%B3%BD%E5%94%AF%E8%A1%A3
相泽唯衣,照片,https://bkimg.cdn.bcebos.com/pic/aa18972bd40735fa70273e3d99510fb30e24085a?x-bce-process=image/resize,m_lfit,w_268,limit_1/format,f_jpg
广濑由奈,中文名,广濑由奈
广濑由奈,身高,160厘米
广濑由奈,体重,null
广濑由奈,三围,93 - 60 - 93 cm（G）
广濑由奈,出生日期,1988年3月15日
广濑由奈,星座,null
广濑由奈,代表作品,null
广濑由奈,链接,https://baike.baidu.com/item/%E5%B9%BF%E6%BF%91%E7%94%B1%E5%A5%88
广濑由奈,照片,https://bkimg.cdn.bcebos.com/pic/2cf5e0fe9925bc31e268ed805ddf8db1cb1370f5?x-bce-process=image/resize,m_lfit,w_268,limit_1/format,f_jpg
小坂惠,中文名,小坂惠
小坂惠,身高,null
小坂惠,体重,null
小坂惠,三围,null
小坂惠,出生日期,1986年8月8日
小坂惠,星座,null
小坂惠,代表作品,null
小坂惠,链接,https://baike.baidu.com/item/%E5%B0%8F%E5%9D%82%E6%83%A0
小坂惠,照片,https://bkimg.cdn.bcebos.com/pic/359b033b5bb5c9ea155a611ed539b6003bf3b3a5?x-bce-process=image/resize,m_lfit,w_268,limit_1/format,f_jpg
翼裕香,中文名,翼裕香
翼裕香,身高,null
翼裕香,体重,null
翼裕香,三围,null
翼裕香,出生日期,1987年2月10日
翼裕香,星座,null
翼裕香,代表作品,null
翼裕香,链接,https://baike.baidu.com/item/%E7%BF%BC%E8%A3%95%E9%A6%99
翼裕香,照片,https://bkimg.cdn.bcebos.com/pic/023b5bb5c9ea15ce2d67ee21b4003af33a87b208?x-bce-process=image/resize,m_lfit,w_268,limit_1/format,f_jpg
叶山润子,中文名,叶山润子
叶山润子,身高,155CM
叶山润子,体重,40公斤
叶山润子,三围,83 - 56 - 83 cm
叶山润子,出生日期,1988年1月24日
叶山润子,星座,null
叶山润子,代表作品,null
叶山润子,链接,https://baike.baidu.com/item/%E5%8F%B6%E5%B1%B1%E6%B6%A6%E5%AD%90
叶山润子,照片,https://bkimg.cdn.bcebos.com/pic/7acb0a46f21fbe098e7296ed6b600c338744ad1f?x-bce-process=image/resize,m_lfit,w_268,limit_1/format,f_jpg
绫濑美音,中文名,绫濑美音
绫濑美音,身高,null
绫濑美音,体重,null
绫濑美音,三围,null
绫濑美音,出生日期,1988年2月14日
绫濑美音,星座,null
绫濑美音,代表作品,null
绫濑美音,链接,https://baike.baidu.com/item/%E7%BB%AB%E6%BF%91%E7%BE%8E%E9%9F%B3
绫濑美音,照片,null
朝日奈明,中文名,朝日奈明
朝日奈明,身高,160cm
朝日奈明,体重,null
朝日奈明,三围,B:85cm(E) W:59cm H:85cm
朝日奈明,出生日期,1988年5月30日
朝日奈明,星座,null
朝日奈明,代表作品,荷尔蒙、剖术者、第二梦
朝日奈明,链接,https://baike.baidu.com/item/%E6%9C%9D%E6%97%A5%E5%A5%88%E6%98%8E
朝日奈明,照片,https://bkimg.cdn.bcebos.com/pic/9d82d158ccbf6c81c4494341b03eb13533fa4018?x-bce-process=image/resize,m_lfit,w_268,limit_1/format,f_jpg
青空小夏,中文名,青空小夏
青空小夏,身高,1.52米
青空小夏,体重,null
青空小夏,三围,B98（G罩杯） W58 H84
青空小夏,出生日期,1989年7月26日
青空小夏,星座,null
青空小夏,代表作品,null
青空小夏,链接,https://baike.baidu.com/item/%E9%9D%92%E7%A9%BA%E5%B0%8F%E5%A4%8F
青空小夏,照片,https://bkimg.cdn.bcebos.com/pic/b58f8c5494eef01ff30ae9cbe8fe9925bc317da6?x-bce-process=image/resize,m_lfit,w_268,limit_1/format,f_jpg
麻仓忧,中文名,麻仓忧
麻仓忧,身高,160cm
麻仓忧,体重,null
麻仓忧,三围,null
麻仓忧,出生日期,1989年12月24日
麻仓忧,星座,null
麻仓忧,代表作品,null
麻仓忧,链接,https://baike.baidu.com/item/%E9%BA%BB%E4%BB%93%E5%BF%A7
麻仓忧,照片,https://bkimg.cdn.bcebos.com/pic/0eb30f2442a7d933b8cfbea6a74bd11372f001fb?x-bce-process=image/resize,m_lfit,w_268,limit_1/format,f_jpg
木村那美,中文名,木村那美
木村那美,身高,150厘米
木村那美,体重,null
木村那美,三围,null
木村那美,出生日期,1986年12月14日
木村那美,星座,null
木村那美,代表作品,新人×ギリギリモザイク 新人ギリギリモザイク 木村那美
木村那美,链接,https://baike.baidu.com/item/%E6%9C%A8%E6%9D%91%E9%82%A3%E7%BE%8E
木村那美,照片,null
村上里沙,中文名,村上里沙
村上里沙,身高,167CM
村上里沙,体重,null
村上里沙,三围,B86(D)、W58、H86
村上里沙,出生日期,1983年05月24日
村上里沙,星座,双子座
村上里沙,代表作品,null
村上里沙,链接,https://baike.baidu.com/item/%E6%9D%91%E4%B8%8A%E9%87%8C%E6%B2%99
村上里沙,照片,https://bkimg.cdn.bcebos.com/pic/b219ebc4b74543a96bf0dc521c178a82b8011440?x-bce-process=image/resize,m_lfit,w_268,limit_1/format,f_jpg
田中亚弥,中文名,田中亚弥
田中亚弥,身高,null
田中亚弥,体重,null
田中亚弥,三围,null
田中亚弥,出生日期,1979年8月20日
田中亚弥,星座,null
田中亚弥,代表作品,null
田中亚弥,链接,https://baike.baidu.com/item/%E7%94%B0%E4%B8%AD%E4%BA%9A%E5%BC%A5
田中亚弥,照片,https://bkimg.cdn.bcebos.com/pic/ae51f3deb48f8c54c83cc1e33c292df5e1fe7f0a?x-bce-process=image/resize,m_lfit,w_268,limit_1/format,f_jpg
泷泽萝拉,中文名,水咲萝拉
泷泽萝拉,身高,172 cm
泷泽萝拉,体重,null
泷泽萝拉,三围,null
泷泽萝拉,出生日期,1992年6月
泷泽萝拉,星座,null
泷泽萝拉,代表作品,天神传、流氓来了
泷泽萝拉,链接,https://baike.baidu.com/item/%E6%B3%B7%E6%B3%BD%E8%90%9D%E6%8B%89
泷泽萝拉,照片,https://bkimg.cdn.bcebos.com/pic/37d3d539b6003af3543e0d243f2ac65c1138b6ea?x-bce-process=image/resize,m_lfit,w_268,limit_1/format,f_jpg
花鸟丽,中文名,null
花鸟丽,身高,null
花鸟丽,体重,null
花鸟丽,三围,null
花鸟丽,出生日期,null
花鸟丽,星座,null
花鸟丽,代表作品,null
花鸟丽,链接,https://baike.baidu.com/item/%E8%8A%B1%E9%B8%9F%E4%B8%BD
花鸟丽,照片,null
小向美奈子,中文名,小向美奈子
小向美奈子,身高,164厘米
小向美奈子,体重,null
小向美奈子,三围,B90、W58、H85
小向美奈子,出生日期,1985年5月27日
小向美奈子,星座,null
小向美奈子,代表作品,孤独的歌声、花与蛇3白衣绳奴
小向美奈子,链接,https://baike.baidu.com/item/%E5%B0%8F%E5%90%91%E7%BE%8E%E5%A5%88%E5%AD%90
小向美奈子,照片,https://bkimg.cdn.bcebos.com/pic/9c16fdfaaf51f3de9b2eee1094eef01f3a297921?x-bce-process=image/resize,m_lfit,w_268,limit_1/format,f_jpg
天衣美津,中文名,天衣美津
天衣美津,身高,null
天衣美津,体重,null
天衣美津,三围,null
天衣美津,出生日期,1984年12月22日
天衣美津,星座,null
天衣美津,代表作品,null
天衣美津,链接,https://baike.baidu.com/item/%E5%A4%A9%E8%A1%A3%E7%BE%8E%E6%B4%A5
天衣美津,照片,https://bkimg.cdn.bcebos.com/pic/5ab5c9ea15ce36d3c52ef56b3cf33a87e950b146?x-bce-process=image/resize,m_lfit,w_268,limit_1/format,f_jpg
JULIA,中文名,null
JULIA,身高,null
JULIA,体重,null
JULIA,三围,null
JULIA,出生日期,null
JULIA,星座,null
JULIA,代表作品,null
JULIA,链接,https://baike.baidu.com/item/JULIA
JULIA,照片,null
早坂瞳,中文名,早坂瞳
早坂瞳,身高,null
早坂瞳,体重,48公斤
早坂瞳,三围,83-58-85
早坂瞳,出生日期,1982年6月28日
早坂瞳,星座,null
早坂瞳,代表作品,null
早坂瞳,链接,https://baike.baidu.com/item/%E6%97%A9%E5%9D%82%E7%9E%B3
早坂瞳,照片,https://bkimg.cdn.bcebos.com/pic/a044ad345982b2b7148dad363badcbef76099b36?x-bce-process=image/resize,m_lfit,w_268,limit_1/format,f_jpg
樱井莉亚,中文名,樱井莉亚
樱井莉亚,身高,152cm
樱井莉亚,体重,null
樱井莉亚,三围,80-56-82 cm
樱井莉亚,出生日期,1989年07月19日
樱井莉亚,星座,null
樱井莉亚,代表作品,New Comer桜井りあ
樱井莉亚,链接,https://baike.baidu.com/item/%E6%A8%B1%E4%BA%95%E8%8E%89%E4%BA%9A
樱井莉亚,照片,https://bkimg.cdn.bcebos.com/pic/3812b31bb051f8192de760e1d0b44aed2f73e75f?x-bce-process=image/resize,m_lfit,w_268,limit_1/format,f_jpg
横山美雪,中文名,横山美雪
横山美雪,身高,156cm
横山美雪,体重,null
横山美雪,三围,null
横山美雪,出生日期,1989年11月15日
横山美雪,星座,null
横山美雪,代表作品,草莓之夜电影版、暗金丑岛君、世界中心呼唤爱
横山美雪,链接,https://baike.baidu.com/item/%E6%A8%AA%E5%B1%B1%E7%BE%8E%E9%9B%AA
横山美雪,照片,https://bkimg.cdn.bcebos.com/pic/83025aafa40f4bfb9b95243c004f78f0f7361814?x-bce-process=image/resize,m_lfit,w_268,limit_1/format,f_jpg
相田纱耶香,中文名,相田纱耶香
相田纱耶香,身高,163cm
相田纱耶香,体重,null
相田纱耶香,三围,B88（F）-W58-H87
相田纱耶香,出生日期,1988年3月5日
相田纱耶香,星座,null
相田纱耶香,代表作品,《纱耶香·无垢》
相田纱耶香,链接,https://baike.baidu.com/item/%E7%9B%B8%E7%94%B0%E7%BA%B1%E8%80%B6%E9%A6%99
相田纱耶香,照片,https://bkimg.cdn.bcebos.com/pic/f603918fa0ec08fa5817012859ee3d6d55fbda2d?x-bce-process=image/resize,m_lfit,w_268,limit_1/format,f_jpg
青山雪菜,中文名,青山雪菜
青山雪菜,身高,158CM
青山雪菜,体重,44公斤
青山雪菜,三围,91 - 62 - 86 cm
青山雪菜,出生日期,1983年12月14日
青山雪菜,星座,null
青山雪菜,代表作品,null
青山雪菜,链接,https://baike.baidu.com/item/%E9%9D%92%E5%B1%B1%E9%9B%AA%E8%8F%9C
青山雪菜,照片,https://bkimg.cdn.bcebos.com/pic/a2cc7cd98d1001e93f7e54f1b80e7bec55e79789?x-bce-process=image/resize,m_lfit,w_268,limit_1/format,f_jpg
大岛理子,中文名,大岛理子
大岛理子,身高,157厘米
大岛理子,体重,null
大岛理子,三围,null
大岛理子,出生日期,1989年11月11日
大岛理子,星座,null
大岛理子,代表作品,null
大岛理子,链接,https://baike.baidu.com/item/%E5%A4%A7%E5%B2%9B%E7%90%86%E5%AD%90
大岛理子,照片,https://bkimg.cdn.bcebos.com/pic/aa18972bd40735fafe7bb3c39c510fb30e2408c4?x-bce-process=image/resize,m_lfit,w_268,limit_1/format,f_jpg
松本麻里奈,中文名,松本麻里奈
松本麻里奈,身高,null
松本麻里奈,体重,null
松本麻里奈,三围,null
松本麻里奈,出生日期,1969年6月9日
松本麻里奈,星座,null
松本麻里奈,代表作品,null
松本麻里奈,链接,https://baike.baidu.com/item/%E6%9D%BE%E6%9C%AC%E9%BA%BB%E9%87%8C%E5%A5%88
松本麻里奈,照片,null
纱仓真菜,中文名,纱仓真菜
纱仓真菜,身高,160cm [1]
纱仓真菜,体重,null
纱仓真菜,三围,null
纱仓真菜,出生日期,1993年3月23日 [1]
纱仓真菜,星座,null
纱仓真菜,代表作品,《最低。》 [2]
纱仓真菜,链接,https://baike.baidu.com/item/%E7%BA%B1%E4%BB%93%E7%9C%9F%E8%8F%9C
纱仓真菜,照片,https://bkimg.cdn.bcebos.com/pic/d31b0ef41bd5ad6e63275f7f8bcb39dbb7fd3c4c?x-bce-process=image/resize,m_lfit,w_268,limit_1/format,f_jpg
渡濑晶,中文名,渡濑晶
渡濑晶,身高,168cm
渡濑晶,体重,47kg
渡濑晶,三围,35.24.34
渡濑晶,出生日期,1980年7月2日
渡濑晶,星座,巨蟹座
渡濑晶,代表作品,null
渡濑晶,链接,https://baike.baidu.com/item/%E6%B8%A1%E6%BF%91%E6%99%B6
渡濑晶,照片,https://bkimg.cdn.bcebos.com/pic/37d3d539b6003af3617de810352ac65c1138b6fe?x-bce-process=image/resize,m_lfit,w_268,limit_1/format,f_jpg
若菜光,中文名,若菜光
若菜光,身高,159cm
若菜光,体重,null
若菜光,三围,null
若菜光,出生日期,1985年3月6日
若菜光,星座,双鱼座
若菜光,代表作品,金瓶梅
若菜光,链接,https://baike.baidu.com/item/%E8%8B%A5%E8%8F%9C%E5%85%89
若菜光,照片,https://bkimg.cdn.bcebos.com/pic/e824b899a9014c082a3ad317067b02087bf4f47b?x-bce-process=image/resize,m_lfit,w_268,limit_1/format,f_jpg
日向真昼,中文名,日向真昼
日向真昼,身高,null
日向真昼,体重,null
日向真昼,三围,null
日向真昼,出生日期,null
日向真昼,星座,null
日向真昼,代表作品,null
日向真昼,链接,https://baike.baidu.com/item/%E6%97%A5%E5%90%91%E7%9C%9F%E6%98%BC
日向真昼,照片,https://bkimg.cdn.bcebos.com/pic/bd3eb13533fa828bcb4ae9f4ff1f4134970a5abf?x-bce-process=image/resize,m_lfit,w_268,limit_1/format,f_jpg
平泽里菜子,中文名,平泽里菜子
平泽里菜子,身高,156CM
平泽里菜子,体重,null
平泽里菜子,三围,80、58、82（CM）
平泽里菜子,出生日期,1983年05月18日
平泽里菜子,星座,金牛座
平泽里菜子,代表作品,电影：《下妻物语》《娜娜》
平泽里菜子,链接,https://baike.baidu.com/item/%E5%B9%B3%E6%B3%BD%E9%87%8C%E8%8F%9C%E5%AD%90
平泽里菜子,照片,https://bkimg.cdn.bcebos.com/pic/91529822720e0cf3f6486c800246f21fbe09aa09?x-bce-process=image/resize,m_lfit,w_268,limit_1/format,f_jpg
绫波优,中文名,绫波优
绫波优,身高,167cm
绫波优,体重,null
绫波优,三围,null
绫波优,出生日期,1989-04-01
绫波优,星座,牡羊座
绫波优,代表作品,《24小时》
绫波优,链接,https://baike.baidu.com/item/%E7%BB%AB%E6%B3%A2%E4%BC%98
绫波优,照片,null
小峰日向,中文名,小峰日向
小峰日向,身高,153厘米
小峰日向,体重,null
小峰日向,三围,93 - 59 - 88（G杯）
小峰日向,出生日期,1986年6月28日
小峰日向,星座,null
小峰日向,代表作品,null
小峰日向,链接,https://baike.baidu.com/item/%E5%B0%8F%E5%B3%B0%E6%97%A5%E5%90%91
小峰日向,照片,https://bkimg.cdn.bcebos.com/pic/29381f30e924b899677c07886d061d950a7bf63a?x-bce-process=image/resize,m_lfit,w_268,limit_1/format,f_jpg
羽田爱,中文名,羽田爱
羽田爱,身高,169.5CM
羽田爱,体重,null
羽田爱,三围,B90、W55、H85
羽田爱,出生日期,1989年9月22日
羽田爱,星座,null
羽田爱,代表作品,null
羽田爱,链接,https://baike.baidu.com/item/%E7%BE%BD%E7%94%B0%E7%88%B1
羽田爱,照片,https://bkimg.cdn.bcebos.com/pic/b2de9c82d158ccbfb5d54e1d1bd8bc3eb13541a8?x-bce-process=image/resize,m_lfit,w_268,limit_1/format,f_jpg
水城奈绪,中文名,水城奈绪
水城奈绪,身高,null
水城奈绪,体重,null
水城奈绪,三围,null
水城奈绪,出生日期,1984年9月18日
水城奈绪,星座,null
水城奈绪,代表作品,null
水城奈绪,链接,https://baike.baidu.com/item/%E6%B0%B4%E5%9F%8E%E5%A5%88%E7%BB%AA
水城奈绪,照片,null
红音萤,中文名,红音萤
红音萤,身高,157cm
红音萤,体重,null
红音萤,三围,null
红音萤,出生日期,1983年10月25日
红音萤,星座,天蝎座
红音萤,代表作品,null
红音萤,链接,https://baike.baidu.com/item/%E7%BA%A2%E9%9F%B3%E8%90%A4
红音萤,照片,https://bkimg.cdn.bcebos.com/pic/267f9e2f07082838cea6d068b799a9014c08f127?x-bce-process=image/resize,m_lfit,w_268,limit_1/format,f_jpg
新村爱,中文名,新村爱
新村爱,身高,null
新村爱,体重,null
新村爱,三围,null
新村爱,出生日期,1986年6月26日
新村爱,星座,null
新村爱,代表作品,null
新村爱,链接,https://baike.baidu.com/item/%E6%96%B0%E6%9D%91%E7%88%B1
新村爱,照片,https://bkimg.cdn.bcebos.com/pic/faedab64034f78f0b18b06dc7e310a55b3191c18?x-bce-process=image/resize,m_lfit,w_268,limit_1/format,f_jpg
伊泽千夏,中文名,伊泽千夏
伊泽千夏,身高,163 cm
伊泽千夏,体重,null
伊泽千夏,三围,82 - 58 - 88
伊泽千夏,出生日期,1985年7月14日
伊泽千夏,星座,null
伊泽千夏,代表作品,null
伊泽千夏,链接,https://baike.baidu.com/item/%E4%BC%8A%E6%B3%BD%E5%8D%83%E5%A4%8F
伊泽千夏,照片,https://bkimg.cdn.bcebos.com/pic/4ec2d5628535e5dd111801b877c6a7efce1b62a5?x-bce-process=image/resize,m_lfit,w_268,limit_1/format,f_jpg
加护范子,中文名,加护范子
加护范子,身高,null
加护范子,体重,null
加护范子,三围,null
加护范子,出生日期,1988年7月16日
加护范子,星座,null
加护范子,代表作品,null
加护范子,链接,https://baike.baidu.com/item/%E5%8A%A0%E6%8A%A4%E8%8C%83%E5%AD%90
加护范子,照片,https://bkimg.cdn.bcebos.com/pic/c995d143ad4bd11350624b545bafa40f4bfb052c?x-bce-process=image/resize,m_lfit,w_268,limit_1/format,f_jpg
长泽梓,中文名,长泽梓
长泽梓,身高,162cm
长泽梓,体重,null
长泽梓,三围,null
长泽梓,出生日期,1988年12月30日
长泽梓,星座,null
长泽梓,代表作品,剖术者
长泽梓,链接,https://baike.baidu.com/item/%E9%95%BF%E6%B3%BD%E6%A2%93
长泽梓,照片,https://bkimg.cdn.bcebos.com/pic/b999a9014c086e0649c3c36500087bf40ad1cbb1?x-bce-process=image/resize,m_lfit,w_268,limit_1/format,f_jpg
乙音奈奈,中文名,乙音奈奈
乙音奈奈,身高,null
乙音奈奈,体重,null
乙音奈奈,三围,null
乙音奈奈,出生日期,1986.5.24
乙音奈奈,星座,null
乙音奈奈,代表作品,null
乙音奈奈,链接,https://baike.baidu.com/item/%E4%B9%99%E9%9F%B3%E5%A5%88%E5%A5%88
乙音奈奈,照片,https://bkimg.cdn.bcebos.com/pic/79f0f736afc379313b790da5e1c4b74543a9112c?x-bce-process=image/resize,m_lfit,w_268,limit_1/format,f_jpg
白咲舞,中文名,白咲舞
白咲舞,身高,null
白咲舞,体重,null
白咲舞,三围,null
白咲舞,出生日期,1988年11月5日
白咲舞,星座,天蝎座
白咲舞,代表作品,null
白咲舞,链接,https://baike.baidu.com/item/%E7%99%BD%E5%92%B2%E8%88%9E
白咲舞,照片,https://bkimg.cdn.bcebos.com/pic/caef76094b36acaf29e0c1d671d98d1001e99c93?x-bce-process=image/resize,m_lfit,w_268,limit_1/format,f_jpg
希美真由,中文名,希美真由
希美真由,身高,153cm
希美真由,体重,null
希美真由,三围,84C - 60 - 85 cm
希美真由,出生日期,1989.10.05
希美真由,星座,天秤座
希美真由,代表作品,null
希美真由,链接,https://baike.baidu.com/item/%E5%B8%8C%E7%BE%8E%E7%9C%9F%E7%94%B1
希美真由,照片,https://bkimg.cdn.bcebos.com/pic/b8389b504fc2d56281516598e51190ef76c66c6d?x-bce-process=image/resize,m_lfit,w_268,limit_1/format,f_jpg
黑木麻衣,中文名,黑木麻衣
黑木麻衣,身高,168cm
黑木麻衣,体重,null
黑木麻衣,三围,90.57.88(F cup)
黑木麻衣,出生日期,1983年10月21日
黑木麻衣,星座,天秤座
黑木麻衣,代表作品,null
黑木麻衣,链接,https://baike.baidu.com/item/%E9%BB%91%E6%9C%A8%E9%BA%BB%E8%A1%A3
黑木麻衣,照片,https://bkimg.cdn.bcebos.com/pic/a8014c086e061d95b5af58007cf40ad162d9ca19?x-bce-process=image/resize,m_lfit,w_268,limit_1/format,f_jpg
爱音真寻,中文名,爱音真寻
爱音真寻,身高,null
爱音真寻,体重,null
爱音真寻,三围,null
爱音真寻,出生日期,1991-01-17
爱音真寻,星座,null
爱音真寻,代表作品,null
爱音真寻,链接,https://baike.baidu.com/item/%E7%88%B1%E9%9F%B3%E7%9C%9F%E5%AF%BB
爱音真寻,照片,https://bkimg.cdn.bcebos.com/pic/023b5bb5c9ea15ced1e7ba2cb4003af33a87b28e?x-bce-process=image/resize,m_lfit,w_268,limit_1/format,f_jpg
松野由井,中文名,松野由井
松野由井,身高,165cm
松野由井,体重,48kg
松野由井,三围,null
松野由井,出生日期,1985年11月1日
松野由井,星座,天蝎座
松野由井,代表作品,null
松野由井,链接,https://baike.baidu.com/item/%E6%9D%BE%E9%87%8E%E7%94%B1%E4%BA%95
松野由井,照片,https://bkimg.cdn.bcebos.com/pic/9e3df8dcd100baa1e3fdfd824010b912c8fc2e31?x-bce-process=image/resize,m_lfit,w_268,limit_1/format,f_jpg
和叶美玲,中文名,和叶美玲
和叶美玲,身高,null
和叶美玲,体重,null
和叶美玲,三围,null
和叶美玲,出生日期,null
和叶美玲,星座,null
和叶美玲,代表作品,凉川幸乃、凉川ゆきの、高桥美树、白井美贵
和叶美玲,链接,https://baike.baidu.com/item/%E5%92%8C%E5%8F%B6%E7%BE%8E%E7%8E%B2
和叶美玲,照片,https://bkimg.cdn.bcebos.com/pic/42a98226cffc1e178d3056d64190f603728de94e?x-bce-process=image/resize,m_lfit,w_268,limit_1/format,f_jpg
麻美由真,中文名,麻美由真
麻美由真,身高,158CM
麻美由真,体重,43KG
麻美由真,三围,B96-W58-H88
麻美由真,出生日期,1987年3月24日
麻美由真,星座,白羊座
麻美由真,代表作品,《下北GLORY DAYS》等
麻美由真,链接,https://baike.baidu.com/item/%E9%BA%BB%E7%BE%8E%E7%94%B1%E7%9C%9F
麻美由真,照片,https://bkimg.cdn.bcebos.com/pic/08f790529822720eeaa58fea7acb0a46f21fabb3?x-bce-process=image/resize,m_lfit,w_268,limit_1/format,f_jpg
日野雫,中文名,日野雫
日野雫,身高,null
日野雫,体重,null
日野雫,三围,null
日野雫,出生日期,1986年6月28日
日野雫,星座,null
日野雫,代表作品,null
日野雫,链接,https://baike.baidu.com/item/%E6%97%A5%E9%87%8E%E9%9B%AB
日野雫,照片,https://bkimg.cdn.bcebos.com/pic/9f2f070828381f30c3ae5e3ca3014c086f06f0f4?x-bce-process=image/resize,m_lfit,w_268,limit_1/format,f_jpg
爱泽莲,中文名,爱泽莲
爱泽莲,身高,163cm
爱泽莲,体重,null
爱泽莲,三围,B86 W55 H84
爱泽莲,出生日期,1986.5.12
爱泽莲,星座,null
爱泽莲,代表作品,null
爱泽莲,链接,https://baike.baidu.com/item/%E7%88%B1%E6%B3%BD%E8%8E%B2
爱泽莲,照片,https://bkimg.cdn.bcebos.com/pic/8b82b9014a90f603af2ab6ad3312b31bb151ed46?x-bce-process=image/resize,m_lfit,w_268,limit_1/format,f_jpg
早川濑里奈,中文名,早川濑里奈
早川濑里奈,身高,160cm
早川濑里奈,体重,45kg
早川濑里奈,三围,86、57、83
早川濑里奈,出生日期,1986年2月4日
早川濑里奈,星座,水瓶座
早川濑里奈,代表作品,金瓶梅、金瓶梅2
早川濑里奈,链接,https://baike.baidu.com/item/%E6%97%A9%E5%B7%9D%E6%BF%91%E9%87%8C%E5%A5%88
早川濑里奈,照片,https://bkimg.cdn.bcebos.com/pic/4ec2d5628535e5ddf35afa087cc6a7efcf1b62f6?x-bce-process=image/resize,m_lfit,w_268,limit_1/format,f_jpg
铃木茶织,中文名,铃木茶织
铃木茶织,身高,null
铃木茶织,体重,null
铃木茶织,三围,null
铃木茶织,出生日期,1988年10月11日
铃木茶织,星座,null
铃木茶织,代表作品,null
铃木茶织,链接,https://baike.baidu.com/item/%E9%93%83%E6%9C%A8%E8%8C%B6%E7%BB%87
铃木茶织,照片,https://bkimg.cdn.bcebos.com/pic/7acb0a46f21fbe09cac1543269600c338744ad7d?x-bce-process=image/resize,m_lfit,w_268,limit_1/format,f_jpg
阿立未来,中文名,阿立未来
阿立未来,身高,162CM
阿立未来,体重,57公斤
阿立未来,三围,82 - 56 - 83 cm
阿立未来,出生日期,1980年2月28日
阿立未来,星座,null
阿立未来,代表作品,null
阿立未来,链接,https://baike.baidu.com/item/%E9%98%BF%E7%AB%8B%E6%9C%AA%E6%9D%A5
阿立未来,照片,https://bkimg.cdn.bcebos.com/pic/79f0f736afc37931c6ff90fde1c4b74542a9114a?x-bce-process=image/resize,m_lfit,w_268,limit_1/format,f_jpg
筱原凉,中文名,筱原凉
筱原凉,身高,null
筱原凉,体重,null
筱原凉,三围,null
筱原凉,出生日期,null
筱原凉,星座,null
筱原凉,代表作品,null
筱原凉,链接,https://baike.baidu.com/item/%E7%AD%B1%E5%8E%9F%E5%87%89
筱原凉,照片,null
雨宫琴音,中文名,雨宫琴音
雨宫琴音,身高,170CM
雨宫琴音,体重,null
雨宫琴音,三围,B87、W56·、H83
雨宫琴音,出生日期,1988年03月30日
雨宫琴音,星座,白羊座
雨宫琴音,代表作品,null
雨宫琴音,链接,https://baike.baidu.com/item/%E9%9B%A8%E5%AE%AB%E7%90%B4%E9%9F%B3
雨宫琴音,照片,https://bkimg.cdn.bcebos.com/pic/3b292df5e0fe99251306b65f34a85edf8db171b3?x-bce-process=image/resize,m_lfit,w_268,limit_1/format,f_jpg
初美理音,中文名,初美理音
初美理音,身高,151cm
初美理音,体重,null
初美理音,三围,null
初美理音,出生日期,1989年3月25日
初美理音,星座,白羊座
初美理音,代表作品,null
初美理音,链接,https://baike.baidu.com/item/%E5%88%9D%E7%BE%8E%E7%90%86%E9%9F%B3
初美理音,照片,https://bkimg.cdn.bcebos.com/pic/4bed2e738bd4b31cd508172e8dd6277f9e2ff86b?x-bce-process=image/resize,m_lfit,w_268,limit_1/format,f_jpg
一条爱美,中文名,一条爱美
一条爱美,身高,157 厘米
一条爱美,体重,null
一条爱美,三围,88 - 57 - 87 cm
一条爱美,出生日期,1988年2月20日
一条爱美,星座,null
一条爱美,代表作品,null
一条爱美,链接,https://baike.baidu.com/item/%E4%B8%80%E6%9D%A1%E7%88%B1%E7%BE%8E
一条爱美,照片,null
青木莉子,中文名,青木莉子
青木莉子,身高,null
青木莉子,体重,null
青木莉子,三围,92-58-86
青木莉子,出生日期,1986年7月4日
青木莉子,星座,null
青木莉子,代表作品,null
青木莉子,链接,https://baike.baidu.com/item/%E9%9D%92%E6%9C%A8%E8%8E%89%E5%AD%90
青木莉子,照片,https://bkimg.cdn.bcebos.com/pic/09fa513d269759eef00f0bb0bafb43166d22df6a?x-bce-process=image/resize,m_lfit,w_268,limit_1/format,f_jpg
高原智美,中文名,高原智美
高原智美,身高,155cm
高原智美,体重,null
高原智美,三围,null
高原智美,出生日期,1985年10月7日
高原智美,星座,null
高原智美,代表作品,null
高原智美,链接,https://baike.baidu.com/item/%E9%AB%98%E5%8E%9F%E6%99%BA%E7%BE%8E
高原智美,照片,https://bkimg.cdn.bcebos.com/pic/1e30e924b899a901a160464d15950a7b0208f570?x-bce-process=image/resize,m_lfit,w_268,limit_1/format,f_jpg
朝河兰,中文名,武藤兰
朝河兰,身高,158CM
朝河兰,体重,47KG [5]
朝河兰,三围,86、58、85（CM）
朝河兰,出生日期,1980年09月04日 [5]
朝河兰,星座,处女座 [5]
朝河兰,代表作品,null
朝河兰,链接,https://baike.baidu.com/item/%E6%9C%9D%E6%B2%B3%E5%85%B0
朝河兰,照片,https://bkimg.cdn.bcebos.com/pic/f2deb48f8c5494eeef3e51e027f5e0fe99257e2e?x-bce-process=image/resize,m_lfit,w_268,limit_1/format,f_jpg
桃子美优,中文名,桃子美优
桃子美优,身高,null
桃子美优,体重,null
桃子美优,三围,null
桃子美优,出生日期,1985年12月25日
桃子美优,星座,null
桃子美优,代表作品,null
桃子美优,链接,https://baike.baidu.com/item/%E6%A1%83%E5%AD%90%E7%BE%8E%E4%BC%98
桃子美优,照片,https://bkimg.cdn.bcebos.com/pic/aa64034f78f0f736a13a9f250955b319eac413c9?x-bce-process=image/resize,m_lfit,w_268,limit_1/format,f_jpg
坂田美影,中文名,坂田美影
坂田美影,身高,null
坂田美影,体重,null
坂田美影,三围,null
坂田美影,出生日期,1981年5月16日
坂田美影,星座,null
坂田美影,代表作品,null
坂田美影,链接,https://baike.baidu.com/item/%E5%9D%82%E7%94%B0%E7%BE%8E%E5%BD%B1
坂田美影,照片,null
樱心美,中文名,樱心美
樱心美,身高,155cm
樱心美,体重,43kg
樱心美,三围,B86 W55 H93
樱心美,出生日期,1988年12月15日
樱心美,星座,null
樱心美,代表作品,null
樱心美,链接,https://baike.baidu.com/item/%E6%A8%B1%E5%BF%83%E7%BE%8E
樱心美,照片,https://bkimg.cdn.bcebos.com/pic/9345d688d43f8794630d808dde1b0ef41ad53aa7?x-bce-process=image/resize,m_lfit,w_268,limit_1/format,f_jpg
范田纱纱,中文名,范田纱纱
范田纱纱,身高,null
范田纱纱,体重,null
范田纱纱,三围,null
范田纱纱,出生日期,1983年4月18日
范田纱纱,星座,null
范田纱纱,代表作品,null
范田纱纱,链接,https://baike.baidu.com/item/%E8%8C%83%E7%94%B0%E7%BA%B1%E7%BA%B1
范田纱纱,照片,https://bkimg.cdn.bcebos.com/pic/7c1ed21b0ef41bd583e341315ada81cb38db3d46?x-bce-process=image/resize,m_lfit,w_268,limit_1/format,f_jpg
中岛京子,中文名,null
中岛京子,身高,null
中岛京子,体重,null
中岛京子,三围,null
中岛京子,出生日期,null
中岛京子,星座,null
中岛京子,代表作品,null
中岛京子,链接,https://baike.baidu.com/item/%E4%B8%AD%E5%B2%9B%E4%BA%AC%E5%AD%90
中岛京子,照片,null
种村美咲,中文名,种村美咲
种村美咲,身高,157cm
种村美咲,体重,null
种村美咲,三围,null
种村美咲,出生日期,1990年11月7日
种村美咲,星座,null
种村美咲,代表作品,null
种村美咲,链接,https://baike.baidu.com/item/%E7%A7%8D%E6%9D%91%E7%BE%8E%E5%92%B2
种村美咲,照片,https://bkimg.cdn.bcebos.com/pic/bf096b63f6246b60615d56f8e1f81a4c500fa2ef?x-bce-process=image/resize,m_lfit,w_268,limit_1/format,f_jpg
草莓牛奶,中文名,null
草莓牛奶,身高,null
草莓牛奶,体重,null
草莓牛奶,三围,null
草莓牛奶,出生日期,null
草莓牛奶,星座,null
草莓牛奶,代表作品,null
草莓牛奶,链接,https://baike.baidu.com/item/%E8%8D%89%E8%8E%93%E7%89%9B%E5%A5%B6
草莓牛奶,照片,null
天海丽,中文名,天海丽
天海丽,身高,150 cm
天海丽,体重,null
天海丽,三围,null
天海丽,出生日期,1984年3月28日
天海丽,星座,白羊座
天海丽,代表作品,null
天海丽,链接,https://baike.baidu.com/item/%E5%A4%A9%E6%B5%B7%E4%B8%BD
天海丽,照片,https://bkimg.cdn.bcebos.com/pic/0df431adcbef76095c13f19f2edda3cc7cd99e91?x-bce-process=image/resize,m_lfit,w_268,limit_1/format,f_jpg
相崎琴音,中文名,相崎琴音
相崎琴音,身高,165CM
相崎琴音,体重,null
相崎琴音,三围,82B-57W-83H（CM）
相崎琴音,出生日期,1986年10月08日
相崎琴音,星座,null
相崎琴音,代表作品,Sky Angel Vol.68 相崎琴音
相崎琴音,链接,https://baike.baidu.com/item/%E7%9B%B8%E5%B4%8E%E7%90%B4%E9%9F%B3
相崎琴音,照片,https://bkimg.cdn.bcebos.com/pic/c995d143ad4bd1138f3873fa5aafa40f4afb0505?x-bce-process=image/resize,m_lfit,w_268,limit_1/format,f_jpg
神谷美雪,中文名,神谷美雪
神谷美雪,身高,150cm
神谷美雪,体重,null
神谷美雪,三围,80 58 86cm
神谷美雪,出生日期,1982年5月2日
神谷美雪,星座,null
神谷美雪,代表作品,null
神谷美雪,链接,https://baike.baidu.com/item/%E7%A5%9E%E8%B0%B7%E7%BE%8E%E9%9B%AA
神谷美雪,照片,https://bkimg.cdn.bcebos.com/pic/80cb39dbb6fd5266a8865423ac18972bd4073653?x-bce-process=image/resize,m_lfit,w_268,limit_1/format,f_jpg
高树圣良,中文名,高树圣良
高树圣良,身高,null
高树圣良,体重,null
高树圣良,三围,null
高树圣良,出生日期,1988年5月6日
高树圣良,星座,null
高树圣良,代表作品,null
高树圣良,链接,https://baike.baidu.com/item/%E9%AB%98%E6%A0%91%E5%9C%A3%E8%89%AF
高树圣良,照片,null
北岛玲,中文名,北岛玲
北岛玲,身高,null
北岛玲,体重,null
北岛玲,三围,null
北岛玲,出生日期,null
北岛玲,星座,null
北岛玲,代表作品,null
北岛玲,链接,https://baike.baidu.com/item/%E5%8C%97%E5%B2%9B%E7%8E%B2
北岛玲,照片,https://bkimg.cdn.bcebos.com/pic/902397dda144ad34cd6d6646d5a20cf430ad8525?x-bce-process=image/resize,m_lfit,w_268,limit_1/format,f_jpg
原小雪,中文名,原小雪
原小雪,身高,168cm
原小雪,体重,91cm
原小雪,三围,null
原小雪,出生日期,1984年12月21日
原小雪,星座,null
原小雪,代表作品,null
原小雪,链接,https://baike.baidu.com/item/%E5%8E%9F%E5%B0%8F%E9%9B%AA
原小雪,照片,https://bkimg.cdn.bcebos.com/pic/f9dcd100baa1cd11fe6868cbb312c8fcc2ce2d7a?x-bce-process=image/resize,m_lfit,w_268,limit_1/format,f_jpg
朝比奈琉依,中文名,朝比奈琉依
朝比奈琉依,身高,170厘米
朝比奈琉依,体重,null
朝比奈琉依,三围,87-58-89cm（E罩）
朝比奈琉依,出生日期,1978年10月12日
朝比奈琉依,星座,null
朝比奈琉依,代表作品,热风
朝比奈琉依,链接,https://baike.baidu.com/item/%E6%9C%9D%E6%AF%94%E5%A5%88%E7%90%89%E4%BE%9D
朝比奈琉依,照片,https://bkimg.cdn.bcebos.com/pic/a8773912b31bb05195331c73357adab44aede052?x-bce-process=image/resize,m_lfit,w_268,limit_1/format,f_jpg
水元优奈,中文名,水元优奈
水元优奈,身高,null
水元优奈,体重,null
水元优奈,三围,null
水元优奈,出生日期,1983年
水元优奈,星座,null
水元优奈,代表作品,null
水元优奈,链接,https://baike.baidu.com/item/%E6%B0%B4%E5%85%83%E4%BC%98%E5%A5%88
水元优奈,照片,https://bkimg.cdn.bcebos.com/pic/7e3e6709c93d70cf01c71af7f8dcd100baa12b0e?x-bce-process=image/resize,m_lfit,w_268,limit_1/format,f_jpg
松生彩,中文名,松生彩
松生彩,身高,null
松生彩,体重,null
松生彩,三围,null
松生彩,出生日期,1989年12月14日
松生彩,星座,null
松生彩,代表作品,null
松生彩,链接,https://baike.baidu.com/item/%E6%9D%BE%E7%94%9F%E5%BD%A9
松生彩,照片,https://bkimg.cdn.bcebos.com/pic/aa18972bd40735fafdbac28f90510fb30f2408b9?x-bce-process=image/resize,m_lfit,w_268,limit_1/format,f_jpg
小日向优,中文名,小日向优
小日向优,身高,null
小日向优,体重,null
小日向优,三围,null
小日向优,出生日期,1986年12月20日
小日向优,星座,null
小日向优,代表作品,《初快感・現役女子大生》；《リアル痴漢5現場》
小日向优,链接,https://baike.baidu.com/item/%E5%B0%8F%E6%97%A5%E5%90%91%E4%BC%98
小日向优,照片,https://bkimg.cdn.bcebos.com/pic/77094b36acaf2edd253c970c8b1001e938019302?x-bce-process=image/resize,m_lfit,w_268,limit_1/format,f_jpg
若宫莉那,中文名,若宫莉那
若宫莉那,身高,160cm
若宫莉那,体重,null
若宫莉那,三围,B92cm W60cm H86cm
若宫莉那,出生日期,1985年6月1日
若宫莉那,星座,双子座
若宫莉那,代表作品,null
若宫莉那,链接,https://baike.baidu.com/item/%E8%8B%A5%E5%AE%AB%E8%8E%89%E9%82%A3
若宫莉那,照片,https://bkimg.cdn.bcebos.com/pic/d62a6059252dd42a684a3c73093b5bb5c8eab8a2?x-bce-process=image/resize,m_lfit,w_268,limit_1/format,f_jpg
上原瑞穗,中文名,上原瑞穂
上原瑞穗,身高,160cm
上原瑞穗,体重,null
上原瑞穗,三围,B85 W58 H80
上原瑞穗,出生日期,null
上原瑞穗,星座,处女座
上原瑞穗,代表作品,null
上原瑞穗,链接,https://baike.baidu.com/item/%E4%B8%8A%E5%8E%9F%E7%91%9E%E7%A9%97
上原瑞穗,照片,https://bkimg.cdn.bcebos.com/pic/d043ad4bd11373f08202c70b9c465cfbfbedab64ae44?x-bce-process=image/resize,m_lfit,w_268,limit_1/format,f_jpg
若林树里,中文名,若林树里
若林树里,身高,165CM
若林树里,体重,null
若林树里,三围,83、58、83
若林树里,出生日期,1981年3月15日
若林树里,星座,null
若林树里,代表作品,null
若林树里,链接,https://baike.baidu.com/item/%E8%8B%A5%E6%9E%97%E6%A0%91%E9%87%8C
若林树里,照片,null
爱川美里菜,中文名,爱川美里菜
爱川美里菜,身高,162cm
爱川美里菜,体重,null
爱川美里菜,三围,B84cm W 58cm H86cm
爱川美里菜,出生日期,1987年12月19日
爱川美里菜,星座,null
爱川美里菜,代表作品,null
爱川美里菜,链接,https://baike.baidu.com/item/%E7%88%B1%E5%B7%9D%E7%BE%8E%E9%87%8C%E8%8F%9C
爱川美里菜,照片,https://bkimg.cdn.bcebos.com/pic/faf2b2119313b07e8044779d06d7912396dd8cad?x-bce-process=image/resize,m_lfit,w_268,limit_1/format,f_jpg
芹泽直美,中文名,芹泽直美
芹泽直美,身高,null
芹泽直美,体重,null
芹泽直美,三围,null
芹泽直美,出生日期,1982年3月19日
芹泽直美,星座,null
芹泽直美,代表作品,null
芹泽直美,链接,https://baike.baidu.com/item/%E8%8A%B9%E6%B3%BD%E7%9B%B4%E7%BE%8E
芹泽直美,照片,https://bkimg.cdn.bcebos.com/pic/cb8065380cd791233aeb12eca7345982b2b7801b?x-bce-process=image/resize,m_lfit,w_268,limit_1/format,f_jpg
唯川纯,中文名,null
唯川纯,身高,null
唯川纯,体重,null
唯川纯,三围,null
唯川纯,出生日期,null
唯川纯,星座,null
唯川纯,代表作品,null
唯川纯,链接,https://baike.baidu.com/item/%E5%94%AF%E5%B7%9D%E7%BA%AF
唯川纯,照片,null
黑川绮罗,中文名,黑川绮罗
黑川绮罗,身高,157 cm
黑川绮罗,体重,null
黑川绮罗,三围,95 – 58 – 87 cm
黑川绮罗,出生日期,1988年7月15日
黑川绮罗,星座,null
黑川绮罗,代表作品,null
黑川绮罗,链接,https://baike.baidu.com/item/%E9%BB%91%E5%B7%9D%E7%BB%AE%E7%BD%97
黑川绮罗,照片,https://bkimg.cdn.bcebos.com/pic/8694a4c27d1ed21b2de0bd70a76eddc451da3f7d?x-bce-process=image/resize,m_lfit,w_268,limit_1/format,f_jpg
大桥未久,中文名,大桥未久
大桥未久,身高,158厘米
大桥未久,体重,null
大桥未久,三围,null
大桥未久,出生日期,1987年12月24日
大桥未久,星座,摩羯座
大桥未久,代表作品,null
大桥未久,链接,https://baike.baidu.com/item/%E5%A4%A7%E6%A1%A5%E6%9C%AA%E4%B9%85
大桥未久,照片,https://bkimg.cdn.bcebos.com/pic/83025aafa40f4bfbdf206b620d4f78f0f7361817?x-bce-process=image/resize,m_lfit,w_268,limit_1/format,f_jpg
星崎杏里,中文名,星崎杏里
星崎杏里,身高,null
星崎杏里,体重,null
星崎杏里,三围,null
星崎杏里,出生日期,1989.01.22
星崎杏里,星座,null
星崎杏里,代表作品,null
星崎杏里,链接,https://baike.baidu.com/item/%E6%98%9F%E5%B4%8E%E6%9D%8F%E9%87%8C
星崎杏里,照片,https://bkimg.cdn.bcebos.com/pic/aa64034f78f0f7364e7777150255b319ebc4131c?x-bce-process=image/resize,m_lfit,w_268,limit_1/format,f_jpg
幸田李梨,中文名,幸田美梨
幸田李梨,身高,160厘米
幸田李梨,体重,null
幸田李梨,三围,83-58-88cm（D）
幸田李梨,出生日期,1974年3月1日
幸田李梨,星座,null
幸田李梨,代表作品,null
幸田李梨,链接,https://baike.baidu.com/item/%E5%B9%B8%E7%94%B0%E6%9D%8E%E6%A2%A8
幸田李梨,照片,https://bkimg.cdn.bcebos.com/pic/aa18972bd40735fa9dbb200192510fb30f24083a?x-bce-process=image/resize,m_lfit,w_268,limit_1/format,f_jpg
星乃星爱,中文名,星乃星爱
星乃星爱,身高,151cm
星乃星爱,体重,null
星乃星爱,三围,null
星乃星爱,出生日期,1988年10月10日
星乃星爱,星座,null
星乃星爱,代表作品,null
星乃星爱,链接,https://baike.baidu.com/item/%E6%98%9F%E4%B9%83%E6%98%9F%E7%88%B1
星乃星爱,照片,https://bkimg.cdn.bcebos.com/pic/d52a2834349b033b5f79826113ce36d3d439bd93?x-bce-process=image/resize,m_lfit,w_268,limit_1/format,f_jpg
藤本莉娜,中文名,藤本莉娜
藤本莉娜,身高,168 厘米
藤本莉娜,体重,null
藤本莉娜,三围,null
藤本莉娜,出生日期,1989年11月18日
藤本莉娜,星座,null
藤本莉娜,代表作品,null
藤本莉娜,链接,https://baike.baidu.com/item/%E8%97%A4%E6%9C%AC%E8%8E%89%E5%A8%9C
藤本莉娜,照片,null
姬野爱,中文名,姬野爱
姬野爱,身高,160cm
姬野爱,体重,null
姬野爱,三围,B/83cm(C/65cm) W/58cm H/83cm
姬野爱,出生日期,1982年5月5日
姬野爱,星座,金牛座
姬野爱,代表作品,null
姬野爱,链接,https://baike.baidu.com/item/%E5%A7%AC%E9%87%8E%E7%88%B1
姬野爱,照片,https://bkimg.cdn.bcebos.com/pic/a1ec08fa513d2697e3284c6452fbb2fb4316d814?x-bce-process=image/resize,m_lfit,w_268,limit_1/format,f_jpg
铃香音色,中文名,铃香音色
铃香音色,身高,null
铃香音色,体重,null
铃香音色,三围,null
铃香音色,出生日期,1988年9月2日
铃香音色,星座,处女座
铃香音色,代表作品,null
铃香音色,链接,https://baike.baidu.com/item/%E9%93%83%E9%A6%99%E9%9F%B3%E8%89%B2
铃香音色,照片,https://bkimg.cdn.bcebos.com/pic/3801213fb80e7bec8dd192c42d2eb9389b506b88?x-bce-process=image/resize,m_lfit,w_268,limit_1/format,f_jpg
@YOU,中文名,null
@YOU,身高,160 厘米
@YOU,体重,null
@YOU,三围,94 - 57 - 90
@YOU,出生日期,1986年8月25日
@YOU,星座,null
@YOU,代表作品,null
@YOU,链接,https://baike.baidu.com/item/%40YOU
@YOU,照片,https://bkimg.cdn.bcebos.com/pic/e7cd7b899e510fb3e7cfb494d133c895d0430cdb?x-bce-process=image/resize,m_lfit,w_268,limit_1/format,f_jpg
青木琳,中文名,青木琳
青木琳,身高,159CM
青木琳,体重,44公斤
青木琳,三围,108 - 59 - 86 cm
青木琳,出生日期,1985年2月28日
青木琳,星座,null
青木琳,代表作品,null
青木琳,链接,https://baike.baidu.com/item/%E9%9D%92%E6%9C%A8%E7%90%B3
青木琳,照片,https://bkimg.cdn.bcebos.com/pic/37d3d539b6003af3fab375d0352ac65c1038b671?x-bce-process=image/resize,m_lfit,w_268,limit_1/format,f_jpg
糸矢芽衣,中文名,糸矢芽衣
糸矢芽衣,身高,null
糸矢芽衣,体重,null
糸矢芽衣,三围,null
糸矢芽衣,出生日期,1983年9月16日
糸矢芽衣,星座,null
糸矢芽衣,代表作品,null
糸矢芽衣,链接,https://baike.baidu.com/item/%E7%B3%B8%E7%9F%A2%E8%8A%BD%E8%A1%A3
糸矢芽衣,照片,https://bkimg.cdn.bcebos.com/pic/e824b899a9014c08806d3b2f007b02087af4f4e2?x-bce-process=image/resize,m_lfit,w_268,limit_1/format,f_jpg
若叶久留美,中文名,若叶久留美
若叶久留美,身高,161cm
若叶久留美,体重,null
若叶久留美,三围,84 - 58 - 83 cm
若叶久留美,出生日期,1990年12月15日
若叶久留美,星座,null
若叶久留美,代表作品,null
若叶久留美,链接,https://baike.baidu.com/item/%E8%8B%A5%E5%8F%B6%E4%B9%85%E7%95%99%E7%BE%8E
若叶久留美,照片,https://bkimg.cdn.bcebos.com/pic/b8014a90f603738d15047a1ab41bb051f819ecb8?x-bce-process=image/resize,m_lfit,w_268,limit_1/format,f_jpg
妃乃光,中文名,妃乃光
妃乃光,身高,155厘米
妃乃光,体重,42公斤
妃乃光,三围,90 - 52 - 82 cm
妃乃光,出生日期,1986年3月7日
妃乃光,星座,null
妃乃光,代表作品,《特命系长只野仁》
妃乃光,链接,https://baike.baidu.com/item/%E5%A6%83%E4%B9%83%E5%85%89
妃乃光,照片,null
新垣圣那,中文名,新垣圣那
新垣圣那,身高,156CM
新垣圣那,体重,null
新垣圣那,三围,null
新垣圣那,出生日期,1989年11月21日
新垣圣那,星座,null
新垣圣那,代表作品,null
新垣圣那,链接,https://baike.baidu.com/item/%E6%96%B0%E5%9E%A3%E5%9C%A3%E9%82%A3
新垣圣那,照片,https://bkimg.cdn.bcebos.com/pic/810a19d8bc3eb13529580d8ba31ea8d3fd1f4466?x-bce-process=image/resize,m_lfit,w_268,limit_1/format,f_jpg
北原多香子,中文名,北原多香子
北原多香子,身高,163CM
北原多香子,体重,null
北原多香子,三围,B90cm (F-Cup) / 63cm/ 90cm
北原多香子,出生日期,1985年12月06日
北原多香子,星座,null
北原多香子,代表作品,null
北原多香子,链接,https://baike.baidu.com/item/%E5%8C%97%E5%8E%9F%E5%A4%9A%E9%A6%99%E5%AD%90
北原多香子,照片,https://bkimg.cdn.bcebos.com/pic/aa18972bd40735fa70273e3d99510fb30e24085a?x-bce-process=image/resize,m_lfit,w_268,limit_1/format,f_jpg
遥惠美,中文名,遥惠美
遥惠美,身高,162cm
遥惠美,体重,null
遥惠美,三围,B 91cm、W 60cm、H 88cm
遥惠美,出生日期,1986年10月5日
遥惠美,星座,null
遥惠美,代表作品,null
遥惠美,链接,https://baike.baidu.com/item/%E9%81%A5%E6%83%A0%E7%BE%8E
遥惠美,照片,https://bkimg.cdn.bcebos.com/pic/a9d3fd1f4134970a41af1fa39fcad1c8a6865d59?x-bce-process=image/resize,m_lfit,w_268,limit_1/format,f_jpg
栗林里莉,中文名,栗林里莉
栗林里莉,身高,null
栗林里莉,体重,null
栗林里莉,三围,83-58-80cm
栗林里莉,出生日期,1987年4月16日
栗林里莉,星座,白羊座
栗林里莉,代表作品,新任女教师 くりりん先生
栗林里莉,链接,https://baike.baidu.com/item/%E6%A0%97%E6%9E%97%E9%87%8C%E8%8E%89
栗林里莉,照片,https://bkimg.cdn.bcebos.com/pic/a8ec8a13632762d067d1011aacec08fa503dc6ac?x-bce-process=image/resize,m_lfit,w_268,limit_1/format,f_jpg
古都光,中文名,古都光
古都光,身高,163cm
古都光,体重,null
古都光,三围,B85cm W57cm H86cm
古都光,出生日期,1985年3月13日
古都光,星座,双鱼座
古都光,代表作品,null
古都光,链接,https://baike.baidu.com/item/%E5%8F%A4%E9%83%BD%E5%85%89
古都光,照片,https://bkimg.cdn.bcebos.com/pic/adaf2edda3cc7cd9056beaa43f01213fb80e910d?x-bce-process=image/resize,m_lfit,w_268,limit_1/format,f_jpg
水菜丽,中文名,水菜丽
水菜丽,身高,153cm
水菜丽,体重,null
水菜丽,三围,82(C罩杯65)　57　86
水菜丽,出生日期,1987年5月20日
水菜丽,星座,null
水菜丽,代表作品,《刀剑神域》
水菜丽,链接,https://baike.baidu.com/item/%E6%B0%B4%E8%8F%9C%E4%B8%BD
水菜丽,照片,https://bkimg.cdn.bcebos.com/pic/cc11728b4710b912af9fa208c3fdfc03934522ed?x-bce-process=image/resize,m_lfit,w_268,limit_1/format,f_jpg
岬里沙,中文名,熊田夏树
岬里沙,身高,170cm
岬里沙,体重,null
岬里沙,三围,null
岬里沙,出生日期,1986-10-04
岬里沙,星座,天秤座
岬里沙,代表作品,null
岬里沙,链接,https://baike.baidu.com/item/%E5%B2%AC%E9%87%8C%E6%B2%99
岬里沙,照片,https://bkimg.cdn.bcebos.com/pic/3801213fb80e7becc7cadaee2f2eb9389b506ba9?x-bce-process=image/resize,m_lfit,w_268,limit_1/format,f_jpg
爱原翼,中文名,爱原翼
爱原翼,身高,158CM
爱原翼,体重,47KG
爱原翼,三围,85-57-86cm
爱原翼,出生日期,1987年6月25日
爱原翼,星座,null
爱原翼,代表作品,null
爱原翼,链接,https://baike.baidu.com/item/%E7%88%B1%E5%8E%9F%E7%BF%BC
爱原翼,照片,null
加藤莉娜,中文名,加藤莉娜
加藤莉娜,身高,null
加藤莉娜,体重,null
加藤莉娜,三围,null
加藤莉娜,出生日期,1990年6月
加藤莉娜,星座,null
加藤莉娜,代表作品,null
加藤莉娜,链接,https://baike.baidu.com/item/%E5%8A%A0%E8%97%A4%E8%8E%89%E5%A8%9C
加藤莉娜,照片,https://bkimg.cdn.bcebos.com/pic/f9198618367adab4af5f0b308fd4b31c8701e432?x-bce-process=image/resize,m_lfit,w_268,limit_1/format,f_jpg
吉泽明步,中文名,吉泽明步
吉泽明步,身高,161cm
吉泽明步,体重,null
吉泽明步,三围,86-58-86cm
吉泽明步,出生日期,1984年3月3日
吉泽明步,星座,null
吉泽明步,代表作品,null
吉泽明步,链接,https://baike.baidu.com/item/%E5%90%89%E6%B3%BD%E6%98%8E%E6%AD%A5
吉泽明步,照片,https://bkimg.cdn.bcebos.com/pic/9c16fdfaaf51f3de86f7dd629aeef01f3a29796a?x-bce-process=image/resize,m_lfit,w_268,limit_1/format,f_jpg
濑名步,中文名,濑名步
濑名步,身高,null
濑名步,体重,null
濑名步,三围,null
濑名步,出生日期,1986年11月9日
濑名步,星座,null
濑名步,代表作品,null
濑名步,链接,https://baike.baidu.com/item/%E6%BF%91%E5%90%8D%E6%AD%A5
濑名步,照片,https://bkimg.cdn.bcebos.com/pic/622762d0f703918fa935135f5b3d269758eec4ba?x-bce-process=image/resize,m_lfit,w_268,limit_1/format,f_jpg
岛田阳子,中文名,岛田阳子
岛田阳子,身高,171CM
岛田阳子,体重,null
岛田阳子,三围,null
岛田阳子,出生日期,1953年5月17日
岛田阳子,星座,金牛座
岛田阳子,代表作品,《幕府将军》、《砂器》、《八墓村》、《英雄郑成功》等
岛田阳子,链接,https://baike.baidu.com/item/%E5%B2%9B%E7%94%B0%E9%98%B3%E5%AD%90
岛田阳子,照片,https://bkimg.cdn.bcebos.com/pic/f31fbe096b63f624d17f721b8844ebf81a4ca38c?x-bce-process=image/resize,m_lfit,w_268,limit_1/format,f_jpg
夏目奈奈,中文名,夏目奈奈
夏目奈奈,身高,163cm
夏目奈奈,体重,null
夏目奈奈,三围,B:95cm(G) W:58cm H:85cm
夏目奈奈,出生日期,1982年1月23日
夏目奈奈,星座,null
夏目奈奈,代表作品,null
夏目奈奈,链接,https://baike.baidu.com/item/%E5%A4%8F%E7%9B%AE%E5%A5%88%E5%A5%88
夏目奈奈,照片,https://bkimg.cdn.bcebos.com/pic/a8014c086e061d955fe1c3a171f40ad163d9ca80?x-bce-process=image/resize,m_lfit,w_268,limit_1/format,f_jpg
堀口奈津美,中文名,堀口奈津美
堀口奈津美,身高,171CM
堀口奈津美,体重,null
堀口奈津美,三围,B.88 W.58 H.86
堀口奈津美,出生日期,1980年6月4日
堀口奈津美,星座,null
堀口奈津美,代表作品,null
堀口奈津美,链接,https://baike.baidu.com/item/%E5%A0%80%E5%8F%A3%E5%A5%88%E6%B4%A5%E7%BE%8E
堀口奈津美,照片,https://bkimg.cdn.bcebos.com/pic/7dd98d1001e9390114bc83bf77ec54e737d196f0?x-bce-process=image/resize,m_lfit,w_268,limit_1/format,f_jpg
折笠弥生,中文名,折笠弥生
折笠弥生,身高,160厘米
折笠弥生,体重,null
折笠弥生,三围,88 - 58 - 89 cm（D）
折笠弥生,出生日期,null
折笠弥生,星座,null
折笠弥生,代表作品,null
折笠弥生,链接,https://baike.baidu.com/item/%E6%8A%98%E7%AC%A0%E5%BC%A5%E7%94%9F
折笠弥生,照片,https://bkimg.cdn.bcebos.com/pic/f7246b600c3387442d7d6675590fd9f9d72aa07b?x-bce-process=image/resize,m_lfit,w_268,limit_1/format,f_jpg
翔田千里,中文名,翔田千里
翔田千里,身高,null
翔田千里,体重,null
翔田千里,三围,null
翔田千里,出生日期,1968年4月11日
翔田千里,星座,白羊座
翔田千里,代表作品,《しょうだ ちさと》
翔田千里,链接,https://baike.baidu.com/item/%E7%BF%94%E7%94%B0%E5%8D%83%E9%87%8C
翔田千里,照片,https://bkimg.cdn.bcebos.com/pic/7dd98d1001e939018a7e69c87bec54e737d196cc?x-bce-process=image/resize,m_lfit,w_268,limit_1/format,f_jpg
木下柚花,中文名,木下柚花
木下柚花,身高,155公分
木下柚花,体重,null
木下柚花,三围,93D/56/88
木下柚花,出生日期,1988年2月5日
木下柚花,星座,水瓶座 [1]
木下柚花,代表作品,null
木下柚花,链接,https://baike.baidu.com/item/%E6%9C%A8%E4%B8%8B%E6%9F%9A%E8%8A%B1
木下柚花,照片,https://bkimg.cdn.bcebos.com/pic/e1fe9925bc315c6091e3a8168db1cb13485477d1?x-bce-process=image/resize,m_lfit,w_268,limit_1/format,f_jpg
春咲和津实,中文名,春咲梓美
春咲和津实,身高,159cm
春咲和津实,体重,null
春咲和津实,三围,89/60/84
春咲和津实,出生日期,1986年7月8日
春咲和津实,星座,巨蟹座
春咲和津实,代表作品,null
春咲和津实,链接,https://baike.baidu.com/item/%E6%98%A5%E5%92%B2%E5%92%8C%E6%B4%A5%E5%AE%9E
春咲和津实,照片,https://bkimg.cdn.bcebos.com/pic/e61190ef76c6a7ef91f7bebef7faaf51f2de6650?x-bce-process=image/resize,m_lfit,w_268,limit_1/format,f_jpg
卯月麻衣,中文名,卯月麻衣
卯月麻衣,身高,155cm
卯月麻衣,体重,null
卯月麻衣,三围,95、60、88cm
卯月麻衣,出生日期,1986年11月10日
卯月麻衣,星座,null
卯月麻衣,代表作品,null
卯月麻衣,链接,https://baike.baidu.com/item/%E5%8D%AF%E6%9C%88%E9%BA%BB%E8%A1%A3
卯月麻衣,照片,https://bkimg.cdn.bcebos.com/pic/55e736d12f2eb938d5c1646adf628535e4dd6ffd?x-bce-process=image/resize,m_lfit,w_268,limit_1/format,f_jpg
希志爱野,中文名,希志艾露
希志爱野,身高,null
希志爱野,体重,null
希志爱野,三围,85c/57/83
希志爱野,出生日期,1988年2月1日
希志爱野,星座,null
希志爱野,代表作品,null
希志爱野,链接,https://baike.baidu.com/item/%E5%B8%8C%E5%BF%97%E7%88%B1%E9%87%8E
希志爱野,照片,https://bkimg.cdn.bcebos.com/pic/eac4b74543a98226c80ae6cf8a82b9014b90eb0b?x-bce-process=image/resize,m_lfit,w_268,limit_1/format,f_jpg
弘前亮子,中文名,弘前亮子
弘前亮子,身高,159CM
弘前亮子,体重,44公斤
弘前亮子,三围,85 - 57 - 83 cm
弘前亮子,出生日期,1990年1月26日
弘前亮子,星座,null
弘前亮子,代表作品,null
弘前亮子,链接,https://baike.baidu.com/item/%E5%BC%98%E5%89%8D%E4%BA%AE%E5%AD%90
弘前亮子,照片,https://bkimg.cdn.bcebos.com/pic/eaf81a4c510fd9f9f8c67f28252dd42a2934a499?x-bce-process=image/resize,m_lfit,w_268,limit_1/format,f_jpg
松下怜,中文名,松下怜
松下怜,身高,158cm
松下怜,体重,null
松下怜,三围,null
松下怜,出生日期,1985年10月1日
松下怜,星座,null
松下怜,代表作品,null
松下怜,链接,https://baike.baidu.com/item/%E6%9D%BE%E4%B8%8B%E6%80%9C
松下怜,照片,https://bkimg.cdn.bcebos.com/pic/024f78f0f736afc30e0b7392bb19ebc4b64512c5?x-bce-process=image/resize,m_lfit,w_268,limit_1/format,f_jpg
早乙女露依,中文名,早乙女露依
早乙女露依,身高,153cm
早乙女露依,体重,null
早乙女露依,三围,D85（D）-W57-H82
早乙女露依,出生日期,1988年6月26日
早乙女露依,星座,巨蟹座
早乙女露依,代表作品,null
早乙女露依,链接,https://baike.baidu.com/item/%E6%97%A9%E4%B9%99%E5%A5%B3%E9%9C%B2%E4%BE%9D
早乙女露依,照片,https://bkimg.cdn.bcebos.com/pic/c9fcc3cec3fdfc03792a016dde3f8794a5c22691?x-bce-process=image/resize,m_lfit,w_268,limit_1/format,f_jpg
赤西凉,中文名,赤西涼
赤西凉,身高,null
赤西凉,体重,null
赤西凉,三围,null
赤西凉,出生日期,1988年3月24日
赤西凉,星座,null
赤西凉,代表作品,null
赤西凉,链接,https://baike.baidu.com/item/%E8%B5%A4%E8%A5%BF%E5%87%89
赤西凉,照片,null
桐生樱,中文名,桐生樱
桐生樱,身高,155厘米
桐生樱,体重,null
桐生樱,三围,B85(D罩杯)・W58・H83
桐生樱,出生日期,1989年3月9日
桐生樱,星座,null
桐生樱,代表作品,null
桐生樱,链接,https://baike.baidu.com/item/%E6%A1%90%E7%94%9F%E6%A8%B1
桐生樱,照片,https://bkimg.cdn.bcebos.com/pic/b03533fa828ba61ea9d953894334970a304e5964?x-bce-process=image/resize,m_lfit,w_268,limit_1/format,f_jpg
晶爱丽,中文名,大沢佑香
晶爱丽,身高,153cm
晶爱丽,体重,null
晶爱丽,三围,88 - 60 - 89cm
晶爱丽,出生日期,1986年1月25日
晶爱丽,星座,水瓶座
晶爱丽,代表作品,《GAL的裸体海滩》
晶爱丽,链接,https://baike.baidu.com/item/%E6%99%B6%E7%88%B1%E4%B8%BD
晶爱丽,照片,https://bkimg.cdn.bcebos.com/pic/3b87e950352ac65c96348b53f9f2b21193138ad9?x-bce-process=image/resize,m_lfit,w_268,limit_1/format,f_jpg
舞咲美娜,中文名,舞咲美娜
舞咲美娜,身高,160cm
舞咲美娜,体重,null
舞咲美娜,三围,85-59-87cm
舞咲美娜,出生日期,1991年9月2日
舞咲美娜,星座,null
舞咲美娜,代表作品,null
舞咲美娜,链接,https://baike.baidu.com/item/%E8%88%9E%E5%92%B2%E7%BE%8E%E5%A8%9C
舞咲美娜,照片,https://bkimg.cdn.bcebos.com/pic/d1160924ab18972bf26d9e92e9cd7b899e510a16?x-bce-process=image/resize,m_lfit,w_268,limit_1/format,f_jpg
北原夏美,中文名,北原夏美
北原夏美,身高,158厘米
北原夏美,体重,null
北原夏美,三围,90-60-88cm
北原夏美,出生日期,1967年
北原夏美,星座,null
北原夏美,代表作品,null
北原夏美,链接,https://baike.baidu.com/item/%E5%8C%97%E5%8E%9F%E5%A4%8F%E7%BE%8E
北原夏美,照片,https://bkimg.cdn.bcebos.com/pic/a6efce1b9d16fdfaef47befab68f8c5494ee7bfe?x-bce-process=image/resize,m_lfit,w_268,limit_1/format,f_jpg
明日花绮罗,中文名,明日花绮罗
明日花绮罗,身高,162cm
明日花绮罗,体重,44kg
明日花绮罗,三围,null
明日花绮罗,出生日期,1988年10月2日
明日花绮罗,星座,null
明日花绮罗,代表作品,null
明日花绮罗,链接,https://baike.baidu.com/item/%E6%98%8E%E6%97%A5%E8%8A%B1%E7%BB%AE%E7%BD%97
明日花绮罗,照片,https://bkimg.cdn.bcebos.com/pic/d009b3de9c82d158f2fd06b1800a19d8bc3e42b6?x-bce-process=image/resize,m_lfit,w_268,limit_1/format,f_jpg
茉莉花,中文名,null
茉莉花,身高,null
茉莉花,体重,null
茉莉花,三围,null
茉莉花,出生日期,null
茉莉花,星座,null
茉莉花,代表作品,null
茉莉花,链接,https://baike.baidu.com/item/%E8%8C%89%E8%8E%89%E8%8A%B1
茉莉花,照片,null
小林初花,中文名,小林初花
小林初花,身高,170厘米
小林初花,体重,null
小林初花,三围,B.84 W.58 H.85
小林初花,出生日期,1990年03月19
小林初花,星座,双鱼
小林初花,代表作品,null
小林初花,链接,https://baike.baidu.com/item/%E5%B0%8F%E6%9E%97%E5%88%9D%E8%8A%B1
小林初花,照片,https://bkimg.cdn.bcebos.com/pic/dcc451da81cb39db8f26cb2dd8160924aa1830e2?x-bce-process=image/resize,m_lfit,w_268,limit_1/format,f_jpg
辰巳唯,中文名,辰巳唯
辰巳唯,身高,168cm
辰巳唯,体重,null
辰巳唯,三围,88.60.89(F cup)
辰巳唯,出生日期,1984/06/08
辰巳唯,星座,双子座
辰巳唯,代表作品,豪情3D
辰巳唯,链接,https://baike.baidu.com/item/%E8%BE%B0%E5%B7%B3%E5%94%AF
辰巳唯,照片,https://bkimg.cdn.bcebos.com/pic/342ac65c103853435a820d2a9113b07eca808868?x-bce-process=image/resize,m_lfit,w_268,limit_1/format,f_jpg
安西琉菜,中文名,安西琉菜
安西琉菜,身高,null
安西琉菜,体重,null
安西琉菜,三围,null
安西琉菜,出生日期,1987年6月18日
安西琉菜,星座,null
安西琉菜,代表作品,null
安西琉菜,链接,https://baike.baidu.com/item/%E5%AE%89%E8%A5%BF%E7%90%89%E8%8F%9C
安西琉菜,照片,https://bkimg.cdn.bcebos.com/pic/f7246b600c338744f77e370f500fd9f9d72aa00d?x-bce-process=image/resize,m_lfit,w_268,limit_1/format,f_jpg
月野姬,中文名,月野姬
月野姬,身高,159CM
月野姬,体重,44公斤
月野姬,三围,null
月野姬,出生日期,1985年3月25日
月野姬,星座,白羊座
月野姬,代表作品,null
月野姬,链接,https://baike.baidu.com/item/%E6%9C%88%E9%87%8E%E5%A7%AC
月野姬,照片,https://bkimg.cdn.bcebos.com/pic/f7246b600c3387448d34f94f500fd9f9d72aa014?x-bce-process=image/resize,m_lfit,w_268,limit_1/format,f_jpg
藤原瞳,中文名,藤原瞳
藤原瞳,身高,null
藤原瞳,体重,null
藤原瞳,三围,88 - 59 - 89 cm
藤原瞳,出生日期,1991年3月3日
藤原瞳,星座,null
藤原瞳,代表作品,null
藤原瞳,链接,https://baike.baidu.com/item/%E8%97%A4%E5%8E%9F%E7%9E%B3
藤原瞳,照片,https://bkimg.cdn.bcebos.com/pic/962bd40735fae6cd5613316608b30f2442a70f15?x-bce-process=image/resize,m_lfit,w_268,limit_1/format,f_jpg
叶山丽子,中文名,叶山丽子
叶山丽子,身高,162厘米
叶山丽子,体重,45公斤
叶山丽子,三围,null
叶山丽子,出生日期,1969年7月13日
叶山丽子,星座,null
叶山丽子,代表作品,《妖兽都市》等
叶山丽子,链接,https://baike.baidu.com/item/%E5%8F%B6%E5%B1%B1%E4%B8%BD%E5%AD%90
叶山丽子,照片,https://bkimg.cdn.bcebos.com/pic/241f95cad1c8a786ac3735b56c09c93d70cf506f?x-bce-process=image/resize,m_lfit,w_268,limit_1/format,f_jpg
恋小夜,中文名,恋小夜
恋小夜,身高,null
恋小夜,体重,null
恋小夜,三围,null
恋小夜,出生日期,1987年10月10日
恋小夜,星座,null
恋小夜,代表作品,null
恋小夜,链接,https://baike.baidu.com/item/%E6%81%8B%E5%B0%8F%E5%A4%9C
恋小夜,照片,https://bkimg.cdn.bcebos.com/pic/342ac65c103853433cf323c79913b07eca80881c?x-bce-process=image/resize,m_lfit,w_268,limit_1/format,f_jpg
安达有里,中文名,安达有里
安达有里,身高,151厘米
安达有里,体重,null
安达有里,三围,null
安达有里,出生日期,1957年8月30日
安达有里,星座,null
安达有里,代表作品,写真集《Beauty Smile》
安达有里,链接,https://baike.baidu.com/item/%E5%AE%89%E8%BE%BE%E6%9C%89%E9%87%8C
安达有里,照片,https://bkimg.cdn.bcebos.com/pic/e61190ef76c6a7efbfe08400fffaaf51f2de66d5?x-bce-process=image/resize,m_lfit,w_268,limit_1/format,f_jpg
橘日向,中文名,null
橘日向,身高,null
橘日向,体重,null
橘日向,三围,null
橘日向,出生日期,null
橘日向,星座,null
橘日向,代表作品,null
橘日向,链接,https://baike.baidu.com/item/%E6%A9%98%E6%97%A5%E5%90%91
橘日向,照片,null
紫彩乃,中文名,紫彩乃
紫彩乃,身高,160cm
紫彩乃,体重,52kg
紫彩乃,三围,null
紫彩乃,出生日期,1969年3月29日
紫彩乃,星座,null
紫彩乃,代表作品,null
紫彩乃,链接,https://baike.baidu.com/item/%E7%B4%AB%E5%BD%A9%E4%B9%83
紫彩乃,照片,https://bkimg.cdn.bcebos.com/pic/21a4462309f790523104e6690cf3d7ca7bcbd54a?x-bce-process=image/resize,m_lfit,w_268,limit_1/format,f_jpg
星崎未来,中文名,星崎未来
星崎未来,身高,null
星崎未来,体重,null
星崎未来,三围,null
星崎未来,出生日期,1982年3月10日
星崎未来,星座,null
星崎未来,代表作品,null
星崎未来,链接,https://baike.baidu.com/item/%E6%98%9F%E5%B4%8E%E6%9C%AA%E6%9D%A5
星崎未来,照片,https://bkimg.cdn.bcebos.com/pic/aa64034f78f0f736836dba0f0255b319ebc41328?x-bce-process=image/resize,m_lfit,w_268,limit_1/format,f_jpg
麻生岬,中文名,麻生岬
麻生岬,身高,null
麻生岬,体重,null
麻生岬,三围,null
麻生岬,出生日期,1985年3月8日
麻生岬,星座,null
麻生岬,代表作品,MISSミルクレディブル
麻生岬,链接,https://baike.baidu.com/item/%E9%BA%BB%E7%94%9F%E5%B2%AC
麻生岬,照片,https://bkimg.cdn.bcebos.com/pic/55e736d12f2eb938ac8105d5d7628535e5dd6f2c?x-bce-process=image/resize,m_lfit,w_268,limit_1/format,f_jpg
滨崎里绪,中文名,滨崎里绪
滨崎里绪,身高,158cm
滨崎里绪,体重,null
滨崎里绪,三围,88-57-85
滨崎里绪,出生日期,1988年6月11日
滨崎里绪,星座,null
滨崎里绪,代表作品,null
滨崎里绪,链接,https://baike.baidu.com/item/%E6%BB%A8%E5%B4%8E%E9%87%8C%E7%BB%AA
滨崎里绪,照片,https://bkimg.cdn.bcebos.com/pic/a1ec08fa513d26971e1ad65255fbb2fb4216d8f0?x-bce-process=image/resize,m_lfit,w_268,limit_1/format,f_jpg
佐藤江梨花,中文名,佐藤江梨花
佐藤江梨花,身高,170CM
佐藤江梨花,体重,null
佐藤江梨花,三围,89、57、85（F杯 ）
佐藤江梨花,出生日期,1986年06月08日
佐藤江梨花,星座,双子座
佐藤江梨花,代表作品,null
佐藤江梨花,链接,https://baike.baidu.com/item/%E4%BD%90%E8%97%A4%E6%B1%9F%E6%A2%A8%E8%8A%B1
佐藤江梨花,照片,https://bkimg.cdn.bcebos.com/pic/810a19d8bc3eb1353720222eac1ea8d3fc1f44bb?x-bce-process=image/resize,m_lfit,w_268,limit_1/format,f_jpg
村上丽奈,中文名,村上丽奈
村上丽奈,身高,165厘米
村上丽奈,体重,43kg
村上丽奈,三围,null
村上丽奈,出生日期,1967年11月25日
村上丽奈,星座,射手座
村上丽奈,代表作品,玉蒲团之偷情宝鉴、我为卿狂
村上丽奈,链接,https://baike.baidu.com/item/%E6%9D%91%E4%B8%8A%E4%B8%BD%E5%A5%88
村上丽奈,照片,https://bkimg.cdn.bcebos.com/pic/4a36acaf2edda3cce85755780de93901213f9233?x-bce-process=image/resize,m_lfit,w_268,limit_1/format,f_jpg
蓝山南,中文名,蓝山南
蓝山南,身高,null
蓝山南,体重,null
蓝山南,三围,null
蓝山南,出生日期,1982年5月28日
蓝山南,星座,null
蓝山南,代表作品,null
蓝山南,链接,https://baike.baidu.com/item/%E8%93%9D%E5%B1%B1%E5%8D%97
蓝山南,照片,https://bkimg.cdn.bcebos.com/pic/a08b87d6277f9e2f10dddc421330e924b999f394?x-bce-process=image/resize,m_lfit,w_268,limit_1/format,f_jpg
青山由衣,中文名,青山由衣
青山由衣,身高,155 厘米
青山由衣,体重,null
青山由衣,三围,104 – 59 – 92 cm（罩杯:I）
青山由衣,出生日期,1986年1月23日
青山由衣,星座,null
青山由衣,代表作品,null
青山由衣,链接,https://baike.baidu.com/item/%E9%9D%92%E5%B1%B1%E7%94%B1%E8%A1%A3
青山由衣,照片,https://bkimg.cdn.bcebos.com/pic/902397dda144ad34a8b0dd9bdda20cf431ad859b?x-bce-process=image/resize,m_lfit,w_268,limit_1/format,f_jpg
木内美保,中文名,木内美保
木内美保,身高,null
木内美保,体重,null
木内美保,三围,null
木内美保,出生日期,1991年2月14日
木内美保,星座,null
木内美保,代表作品,null
木内美保,链接,https://baike.baidu.com/item/%E6%9C%A8%E5%86%85%E7%BE%8E%E4%BF%9D
木内美保,照片,null
水朝美树,中文名,水朝美树
水朝美树,身高,170厘米
水朝美树,体重,null
水朝美树,三围,null
水朝美树,出生日期,1980年6月11日
水朝美树,星座,null
水朝美树,代表作品,null
水朝美树,链接,https://baike.baidu.com/item/%E6%B0%B4%E6%9C%9D%E7%BE%8E%E6%A0%91
水朝美树,照片,https://bkimg.cdn.bcebos.com/pic/6f061d950a7b02088645113668d9f2d3562cc85d?x-bce-process=image/resize,m_lfit,w_268,limit_1/format,f_jpg
藤泽美羽,中文名,藤泽美羽
藤泽美羽,身高,160cm
藤泽美羽,体重,null
藤泽美羽,三围,B83 W58 H85
藤泽美羽,出生日期,1991年8月10日
藤泽美羽,星座,null
藤泽美羽,代表作品,null
藤泽美羽,链接,https://baike.baidu.com/item/%E8%97%A4%E6%B3%BD%E7%BE%8E%E7%BE%BD
藤泽美羽,照片,https://bkimg.cdn.bcebos.com/pic/9f2f070828381f30e2ecb582ab014c086e06f027?x-bce-process=image/resize,m_lfit,w_268,limit_1/format,f_jpg
高濑七海,中文名,高濑七海
高濑七海,身高,158 cm
高濑七海,体重,53KG
高濑七海,三围,86(E)-58-86 cm
高濑七海,出生日期,1987年8月20日
高濑七海,星座,null
高濑七海,代表作品,null
高濑七海,链接,https://baike.baidu.com/item/%E9%AB%98%E6%BF%91%E4%B8%83%E6%B5%B7
高濑七海,照片,https://bkimg.cdn.bcebos.com/pic/a1ec08fa513d2697584f176552fbb2fb4316d86d?x-bce-process=image/resize,m_lfit,w_268,limit_1/format,f_jpg
樱田樱,中文名,樱田樱（本名：松井さくら）
樱田樱,身高,158CM
樱田樱,体重,null
樱田樱,三围,89、59、86（CM）
樱田樱,出生日期,1982年01月14日
樱田樱,星座,摩羯座
樱田樱,代表作品,null
樱田樱,链接,https://baike.baidu.com/item/%E6%A8%B1%E7%94%B0%E6%A8%B1
樱田樱,照片,https://bkimg.cdn.bcebos.com/pic/2f738bd4b31c87011b54de19277f9e2f0608ff6b?x-bce-process=image/resize,m_lfit,w_268,limit_1/format,f_jpg
香坂百合,中文名,香坂百合
香坂百合,身高,160CM
香坂百合,体重,null
香坂百合,三围,null
香坂百合,出生日期,1986年8月8日
香坂百合,星座,null
香坂百合,代表作品,null
香坂百合,链接,https://baike.baidu.com/item/%E9%A6%99%E5%9D%82%E7%99%BE%E5%90%88
香坂百合,照片,https://bkimg.cdn.bcebos.com/pic/11385343fbf2b2118e67f7b8ca8065380dd78efe?x-bce-process=image/resize,m_lfit,w_268,limit_1/format,f_jpg
大槻响,中文名,大槻响
大槻响,身高,162cm
大槻响,体重,null
大槻响,三围,88 - 57 - 85 cm
大槻响,出生日期,1988年2月21日
大槻响,星座,null
大槻响,代表作品,null
大槻响,链接,https://baike.baidu.com/item/%E5%A4%A7%E6%A7%BB%E5%93%8D
大槻响,照片,https://bkimg.cdn.bcebos.com/pic/023b5bb5c9ea15cec67a89b1ba003af33b87b2f6?x-bce-process=image/resize,m_lfit,w_268,limit_1/format,f_jpg
大泽佳那,中文名,大泽佳那
大泽佳那,身高,null
大泽佳那,体重,null
大泽佳那,三围,null
大泽佳那,出生日期,null
大泽佳那,星座,null
大泽佳那,代表作品,null
大泽佳那,链接,https://baike.baidu.com/item/%E5%A4%A7%E6%B3%BD%E4%BD%B3%E9%82%A3
大泽佳那,照片,null
麻川丽,中文名,麻川丽
麻川丽,身高,154cm
麻川丽,体重,null
麻川丽,三围,null
麻川丽,出生日期,1983年12月8日
麻川丽,星座,null
麻川丽,代表作品,null
麻川丽,链接,https://baike.baidu.com/item/%E9%BA%BB%E5%B7%9D%E4%B8%BD
麻川丽,照片,https://bkimg.cdn.bcebos.com/pic/7c1ed21b0ef41bd51be4c2b551da81cb39db3d3f?x-bce-process=image/resize,m_lfit,w_268,limit_1/format,f_jpg
樱木凛,中文名,樱木凛
樱木凛,身高,158cm
樱木凛,体重,null
樱木凛,三围,B85-W57-H82
樱木凛,出生日期,1989年3月3日
樱木凛,星座,null
樱木凛,代表作品,《娘王》、《部活H优等生》、《恋人映像》
樱木凛,链接,https://baike.baidu.com/item/%E6%A8%B1%E6%9C%A8%E5%87%9B
樱木凛,照片,https://bkimg.cdn.bcebos.com/pic/023b5bb5c9ea15ce42363472b5003af33b87b2f5?x-bce-process=image/resize,m_lfit,w_268,limit_1/format,f_jpg
堀咲莉亚,中文名,堀咲莉亚
堀咲莉亚,身高,165cm
堀咲莉亚,体重,null
堀咲莉亚,三围,85E ,58 ,89 cm
堀咲莉亚,出生日期,1992年12月12日
堀咲莉亚,星座,null
堀咲莉亚,代表作品,null
堀咲莉亚,链接,https://baike.baidu.com/item/%E5%A0%80%E5%92%B2%E8%8E%89%E4%BA%9A
堀咲莉亚,照片,https://bkimg.cdn.bcebos.com/pic/b8014a90f603738d176b7818b41bb051f819ece3?x-bce-process=image/resize,m_lfit,w_268,limit_1/format,f_jpg
樱朱音,中文名,樱朱音
樱朱音,身高,149cm
樱朱音,体重,null
樱朱音,三围,88.58.86(E cup)
樱朱音,出生日期,1984年6月10日
樱朱音,星座,双子座
樱朱音,代表作品,null
樱朱音,链接,https://baike.baidu.com/item/%E6%A8%B1%E6%9C%B1%E9%9F%B3
樱朱音,照片,https://bkimg.cdn.bcebos.com/pic/72f082025aafa40fcc36a59aa764034f79f01980?x-bce-process=image/resize,m_lfit,w_268,limit_1/format,f_jpg
绘色千佳,中文名,绘色千佳
绘色千佳,身高,null
绘色千佳,体重,null
绘色千佳,三围,B79 W58 H85
绘色千佳,出生日期,1990年11月1日
绘色千佳,星座,天蝎座
绘色千佳,代表作品,绘色先生
绘色千佳,链接,https://baike.baidu.com/item/%E7%BB%98%E8%89%B2%E5%8D%83%E4%BD%B3
绘色千佳,照片,https://bkimg.cdn.bcebos.com/pic/bf096b63f6246b60348c88ebeaf81a4c500fa2aa?x-bce-process=image/resize,m_lfit,w_268,limit_1/format,f_jpg
音羽奏,中文名,音羽奏
音羽奏,身高,null
音羽奏,体重,null
音羽奏,三围,null
音羽奏,出生日期,1984年8月1日
音羽奏,星座,null
音羽奏,代表作品,null
音羽奏,链接,https://baike.baidu.com/item/%E9%9F%B3%E7%BE%BD%E5%A5%8F
音羽奏,照片,https://bkimg.cdn.bcebos.com/pic/8694a4c27d1ed21b7d704021a86eddc450da3fbc?x-bce-process=image/resize,m_lfit,w_268,limit_1/format,f_jpg
成濑心美,中文名,成濑心美
成濑心美,身高,147cm
成濑心美,体重,null
成濑心美,三围,B89 W60 H82
成濑心美,出生日期,1989年3月3日
成濑心美,星座,双鱼座
成濑心美,代表作品,中国秘伝乳、家庭教师、调教美少女
成濑心美,链接,https://baike.baidu.com/item/%E6%88%90%E6%BF%91%E5%BF%83%E7%BE%8E
成濑心美,照片,https://bkimg.cdn.bcebos.com/pic/8b13632762d0f7034cf8f05a08fa513d2797c5ea?x-bce-process=image/resize,m_lfit,w_268,limit_1/format,f_jpg
长谷川理穗,中文名,长谷川理穗
长谷川理穗,身高,158厘米
长谷川理穗,体重,null
长谷川理穗,三围,90、 58 、 87 （F罩）
长谷川理穗,出生日期,1991年3月19日
长谷川理穗,星座,null
长谷川理穗,代表作品,null
长谷川理穗,链接,https://baike.baidu.com/item/%E9%95%BF%E8%B0%B7%E5%B7%9D%E7%90%86%E7%A9%97
长谷川理穗,照片,https://bkimg.cdn.bcebos.com/pic/a8014c086e061d9574b99d7378f40ad163d9cafa?x-bce-process=image/resize,m_lfit,w_268,limit_1/format,f_jpg
安倍夏树,中文名,安倍夏树
安倍夏树,身高,null
安倍夏树,体重,null
安倍夏树,三围,null
安倍夏树,出生日期,1981年12月13日
安倍夏树,星座,null
安倍夏树,代表作品,null
安倍夏树,链接,https://baike.baidu.com/item/%E5%AE%89%E5%80%8D%E5%A4%8F%E6%A0%91
安倍夏树,照片,https://bkimg.cdn.bcebos.com/pic/8b13632762d0f70307bd30e70ffa513d2697c5fa?x-bce-process=image/resize,m_lfit,w_268,limit_1/format,f_jpg
飞鸟伊央,中文名,飞鸟伊央
飞鸟伊央,身高,null
飞鸟伊央,体重,null
飞鸟伊央,三围,null
飞鸟伊央,出生日期,1987年12月10日
飞鸟伊央,星座,null
飞鸟伊央,代表作品,null
飞鸟伊央,链接,https://baike.baidu.com/item/%E9%A3%9E%E9%B8%9F%E4%BC%8A%E5%A4%AE
飞鸟伊央,照片,https://bkimg.cdn.bcebos.com/pic/c995d143ad4bd1134abe36915aafa40f4bfb0525?x-bce-process=image/resize,m_lfit,w_268,limit_1/format,f_jpg
真白希实,中文名,真白希实
真白希实,身高,160CM
真白希实,体重,null
真白希实,三围,B85 W60 H90
真白希实,出生日期,1980-01-06
真白希实,星座,摩羯座
真白希实,代表作品,null
真白希实,链接,https://baike.baidu.com/item/%E7%9C%9F%E7%99%BD%E5%B8%8C%E5%AE%9E
真白希实,照片,https://bkimg.cdn.bcebos.com/pic/4ec2d5628535e5dd283d3f567cc6a7efce1b6222?x-bce-process=image/resize,m_lfit,w_268,limit_1/format,f_jpg
立花美凉,中文名,立花美凉
立花美凉,身高,null
立花美凉,体重,null
立花美凉,三围,null
立花美凉,出生日期,1988.5.15
立花美凉,星座,null
立花美凉,代表作品,null
立花美凉,链接,https://baike.baidu.com/item/%E7%AB%8B%E8%8A%B1%E7%BE%8E%E5%87%89
立花美凉,照片,https://bkimg.cdn.bcebos.com/pic/8694a4c27d1ed21b012ea17ca76eddc450da3f47?x-bce-process=image/resize,m_lfit,w_268,limit_1/format,f_jpg
叶不二子,中文名,叶不二子
叶不二子,身高,157cm
叶不二子,体重,null
叶不二子,三围,null
叶不二子,出生日期,1972年4月18日
叶不二子,星座,白羊座
叶不二子,代表作品,null
叶不二子,链接,https://baike.baidu.com/item/%E5%8F%B6%E4%B8%8D%E4%BA%8C%E5%AD%90
叶不二子,照片,https://bkimg.cdn.bcebos.com/pic/14ce36d3d539b600e0cf4084ee50352ac65cb784?x-bce-process=image/resize,m_lfit,w_268,limit_1/format,f_jpg
宫川怜,中文名,宫川怜
宫川怜,身高,null
宫川怜,体重,null
宫川怜,三围,null
宫川怜,出生日期,null
宫川怜,星座,null
宫川怜,代表作品,null
宫川怜,链接,https://baike.baidu.com/item/%E5%AE%AB%E5%B7%9D%E6%80%9C
宫川怜,照片,https://bkimg.cdn.bcebos.com/pic/b8389b504fc2d562fe1ee7d2ee1190ef76c66cfe?x-bce-process=image/resize,m_lfit,w_268,limit_1/format,f_jpg
泷泽优奈,中文名,泷泽优奈
泷泽优奈,身高,156cm
泷泽优奈,体重,null
泷泽优奈,三围,B85 W58 H86
泷泽优奈,出生日期,1985年3月25日
泷泽优奈,星座,白羊座
泷泽优奈,代表作品,悩杀エロリスト、美露出DIVA 滝沢优奈
泷泽优奈,链接,https://baike.baidu.com/item/%E6%B3%B7%E6%B3%BD%E4%BC%98%E5%A5%88
泷泽优奈,照片,https://bkimg.cdn.bcebos.com/pic/6a63f6246b600c33ea2032f8194c510fd9f9a1a1?x-bce-process=image/resize,m_lfit,w_268,limit_1/format,f_jpg
立花里子,中文名,立花里子
立花里子,身高,null
立花里子,体重,null
立花里子,三围,83-60-83 cm
立花里子,出生日期,1984年11月10日
立花里子,星座,null
立花里子,代表作品,null
立花里子,链接,https://baike.baidu.com/item/%E7%AB%8B%E8%8A%B1%E9%87%8C%E5%AD%90
立花里子,照片,null
浅田琪琪,中文名,浅田琪琪
浅田琪琪,身高,160cm
浅田琪琪,体重,null
浅田琪琪,三围,B103cm W60cm H87cm
浅田琪琪,出生日期,1986年4月25日
浅田琪琪,星座,null
浅田琪琪,代表作品,null
浅田琪琪,链接,https://baike.baidu.com/item/%E6%B5%85%E7%94%B0%E7%90%AA%E7%90%AA
浅田琪琪,照片,https://bkimg.cdn.bcebos.com/pic/4a36acaf2edda3cc3aaca19e07e93901203f92c7?x-bce-process=image/resize,m_lfit,w_268,limit_1/format,f_jpg
早乙女优,中文名,早乙女优
早乙女优,身高,null
早乙女优,体重,null
早乙女优,三围,null
早乙女优,出生日期,1983年8月15日
早乙女优,星座,null
早乙女优,代表作品,null
早乙女优,链接,https://baike.baidu.com/item/%E6%97%A9%E4%B9%99%E5%A5%B3%E4%BC%98
早乙女优,照片,https://bkimg.cdn.bcebos.com/pic/b7003af33a87e9505c5e29cc16385343faf2b4c1?x-bce-process=image/resize,m_lfit,w_268,limit_1/format,f_jpg
森美咲,中文名,null
森美咲,身高,null
森美咲,体重,null
森美咲,三围,null
森美咲,出生日期,null
森美咲,星座,null
森美咲,代表作品,null
森美咲,链接,https://baike.baidu.com/item/%E6%A3%AE%E7%BE%8E%E5%92%B2
森美咲,照片,null
原更纱,中文名,原更沙
原更纱,身高,166cm
原更纱,体重,null
原更纱,三围,B85 W57 H82
原更纱,出生日期,1984年06月20日
原更纱,星座,null
原更纱,代表作品,null
原更纱,链接,https://baike.baidu.com/item/%E5%8E%9F%E6%9B%B4%E7%BA%B1
原更纱,照片,https://bkimg.cdn.bcebos.com/pic/c2cec3fdfc039245988cac3c8094a4c27d1e25c3?x-bce-process=image/resize,m_lfit,w_268,limit_1/format,f_jpg
爱内梨花,中文名,爱内梨花
爱内梨花,身高,null
爱内梨花,体重,null
爱内梨花,三围,null
爱内梨花,出生日期,1988年3月27日
爱内梨花,星座,null
爱内梨花,代表作品,null
爱内梨花,链接,https://baike.baidu.com/item/%E7%88%B1%E5%86%85%E6%A2%A8%E8%8A%B1
爱内梨花,照片,https://bkimg.cdn.bcebos.com/pic/10dfa9ec8a136327b98fb1a59b8fa0ec09fac7c2?x-bce-process=image/resize,m_lfit,w_268,limit_1/format,f_jpg
野宫凛子,中文名,野宫凛子
野宫凛子,身高,159cm
野宫凛子,体重,null
野宫凛子,三围,null
野宫凛子,出生日期,1959年
野宫凛子,星座,null
野宫凛子,代表作品,null
野宫凛子,链接,https://baike.baidu.com/item/%E9%87%8E%E5%AE%AB%E5%87%9B%E5%AD%90
野宫凛子,照片,https://bkimg.cdn.bcebos.com/pic/8644ebf81a4c510f926a2bb76659252dd52aa5f5?x-bce-process=image/resize,m_lfit,w_268,limit_1/format,f_jpg
西野翔,中文名,西野翔
西野翔,身高,159 cm
西野翔,体重,null
西野翔,三围,null
西野翔,出生日期,1985年06月29日
西野翔,星座,null
西野翔,代表作品,《美女狩猎》、《晚娘上部：恋欲》
西野翔,链接,https://baike.baidu.com/item/%E8%A5%BF%E9%87%8E%E7%BF%94
西野翔,照片,https://bkimg.cdn.bcebos.com/pic/b3119313b07eca80185fef2d962397dda04483a6?x-bce-process=image/resize,m_lfit,w_268,limit_1/format,f_jpg
爱海一夏,中文名,爱海一夏
爱海一夏,身高,null
爱海一夏,体重,null
爱海一夏,三围,null
爱海一夏,出生日期,null
爱海一夏,星座,null
爱海一夏,代表作品,null
爱海一夏,链接,https://baike.baidu.com/item/%E7%88%B1%E6%B5%B7%E4%B8%80%E5%A4%8F
爱海一夏,照片,https://bkimg.cdn.bcebos.com/pic/5243fbf2b2119313bea487526f380cd790238d68?x-bce-process=image/resize,m_lfit,w_268,limit_1/format,f_jpg
朝香凉,中文名,朝香凉
朝香凉,身高,152cm
朝香凉,体重,null
朝香凉,三围,86/58/ 83cm
朝香凉,出生日期,1983年11月11
朝香凉,星座,null
朝香凉,代表作品,荷尔蒙、嬢王
朝香凉,链接,https://baike.baidu.com/item/%E6%9C%9D%E9%A6%99%E5%87%89
朝香凉,照片,https://bkimg.cdn.bcebos.com/pic/d009b3de9c82d158bc9158e5840a19d8bc3e4256?x-bce-process=image/resize,m_lfit,w_268,limit_1/format,f_jpg
小泉彩,中文名,里美尤利娅
小泉彩,身高,157cm
小泉彩,体重,null
小泉彩,三围,B87 W59 H89
小泉彩,出生日期,1983年12月17日
小泉彩,星座,null
小泉彩,代表作品,null
小泉彩,链接,https://baike.baidu.com/item/%E5%B0%8F%E6%B3%89%E5%BD%A9
小泉彩,照片,https://bkimg.cdn.bcebos.com/pic/902397dda144ad34dd3a6928dea20cf430ad859c?x-bce-process=image/resize,m_lfit,w_268,limit_1/format,f_jpg
山口玲子,中文名,山口玲子
山口玲子,身高,null
山口玲子,体重,null
山口玲子,三围,null
山口玲子,出生日期,1979年12月15日
山口玲子,星座,射手座
山口玲子,代表作品,null
山口玲子,链接,https://baike.baidu.com/item/%E5%B1%B1%E5%8F%A3%E7%8E%B2%E5%AD%90
山口玲子,照片,https://bkimg.cdn.bcebos.com/pic/f31fbe096b63f624deff86788f44ebf81a4ca32f?x-bce-process=image/resize,m_lfit,w_268,limit_1/format,f_jpg
爱田由,中文名,爱田由
爱田由,身高,null
爱田由,体重,null
爱田由,三围,null
爱田由,出生日期,1984年8月12日
爱田由,星座,null
爱田由,代表作品,null
爱田由,链接,https://baike.baidu.com/item/%E7%88%B1%E7%94%B0%E7%94%B1
爱田由,照片,https://bkimg.cdn.bcebos.com/pic/a50f4bfbfbedab644836d1b3f736afc379311e78?x-bce-process=image/resize,m_lfit,w_268,limit_1/format,f_jpg
明佐奈,中文名,明佐奈
明佐奈,身高,null
明佐奈,体重,null
明佐奈,三围,null
明佐奈,出生日期,1989年3月10日
明佐奈,星座,null
明佐奈,代表作品,null
明佐奈,链接,https://baike.baidu.com/item/%E6%98%8E%E4%BD%90%E5%A5%88
明佐奈,照片,https://bkimg.cdn.bcebos.com/pic/77094b36acaf2eddfa8e669a891001e939019341?x-bce-process=image/resize,m_lfit,w_268,limit_1/format,f_jpg
爱原理彩,中文名,爱原理彩
爱原理彩,身高,165厘米
爱原理彩,体重,null
爱原理彩,三围,85 - 60 - 87 cm
爱原理彩,出生日期,1983年8月8日
爱原理彩,星座,null
爱原理彩,代表作品,null
爱原理彩,链接,https://baike.baidu.com/item/%E7%88%B1%E5%8E%9F%E7%90%86%E5%BD%A9
爱原理彩,照片,https://bkimg.cdn.bcebos.com/pic/09fa513d269759eedeb21de1bafb43166d22df3e?x-bce-process=image/resize,m_lfit,w_268,limit_1/format,f_jpg
小泉优香,中文名,null
小泉优香,身高,null
小泉优香,体重,null
小泉优香,三围,null
小泉优香,出生日期,null
小泉优香,星座,null
小泉优香,代表作品,null
小泉优香,链接,https://baike.baidu.com/item/%E5%B0%8F%E6%B3%89%E4%BC%98%E9%A6%99
小泉优香,照片,https://bkimg.cdn.bcebos.com/pic/574e9258d109b3defe32e41ac3bf6c81800a4c36?x-bce-process=image/resize,m_lfit,w_268,limit_1/format,f_jpg
及川奈央,中文名,及川奈央
及川奈央,身高,164cm
及川奈央,体重,46kg
及川奈央,三围,null
及川奈央,出生日期,1981年4月21日
及川奈央,星座,null
及川奈央,代表作品,炎神战队、怪奇大家族、龙马传
及川奈央,链接,https://baike.baidu.com/item/%E5%8F%8A%E5%B7%9D%E5%A5%88%E5%A4%AE
及川奈央,照片,https://bkimg.cdn.bcebos.com/pic/8b82b9014a90f6034f5c60583912b31bb151edc5?x-bce-process=image/resize,m_lfit,w_268,limit_1/format,f_jpg
福山沙耶香,中文名,福山沙耶香
福山沙耶香,身高,null
福山沙耶香,体重,null
福山沙耶香,三围,null
福山沙耶香,出生日期,1990年11月30日
福山沙耶香,星座,null
福山沙耶香,代表作品,null
福山沙耶香,链接,https://baike.baidu.com/item/%E7%A6%8F%E5%B1%B1%E6%B2%99%E8%80%B6%E9%A6%99
福山沙耶香,照片,https://bkimg.cdn.bcebos.com/pic/c2fdfc039245d688903505a4acc27d1ed21b24fe?x-bce-process=image/resize,m_lfit,w_268,limit_1/format,f_jpg
前嶋美步,中文名,前嶋美步
前嶋美步,身高,157cm
前嶋美步,体重,43kg
前嶋美步,三围,null
前嶋美步,出生日期,1986年7月26日
前嶋美步,星座,null
前嶋美步,代表作品,null
前嶋美步,链接,https://baike.baidu.com/item/%E5%89%8D%E5%B6%8B%E7%BE%8E%E6%AD%A5
前嶋美步,照片,https://bkimg.cdn.bcebos.com/pic/91ef76c6a7efce1bb509a08ba751f3deb48f6554?x-bce-process=image/resize,m_lfit,w_268,limit_1/format,f_jpg
竹内爱,中文名,竹内爱
竹内爱,身高,162cm
竹内爱,体重,48kg
竹内爱,三围,null
竹内爱,出生日期,1985/11/19
竹内爱,星座,null
竹内爱,代表作品,null
竹内爱,链接,https://baike.baidu.com/item/%E7%AB%B9%E5%86%85%E7%88%B1
竹内爱,照片,https://bkimg.cdn.bcebos.com/pic/ae51f3deb48f8c5423122cda3a292df5e1fe7f06?x-bce-process=image/resize,m_lfit,w_268,limit_1/format,f_jpg
真田春香,中文名,真田春香
真田春香,身高,160CM
真田春香,体重,43公斤
真田春香,三围,B95/W57/H91
真田春香,出生日期,1988年6月6日
真田春香,星座,双子座
真田春香,代表作品,null
真田春香,链接,https://baike.baidu.com/item/%E7%9C%9F%E7%94%B0%E6%98%A5%E9%A6%99
真田春香,照片,https://bkimg.cdn.bcebos.com/pic/203fb80e7bec54e71aec6523b3389b504fc26a8e?x-bce-process=image/resize,m_lfit,w_268,limit_1/format,f_jpg
美知广子,中文名,美知广子
美知广子,身高,null
美知广子,体重,null
美知广子,三围,null
美知广子,出生日期,null
美知广子,星座,null
美知广子,代表作品,null
美知广子,链接,https://baike.baidu.com/item/%E7%BE%8E%E7%9F%A5%E5%B9%BF%E5%AD%90
美知广子,照片,https://bkimg.cdn.bcebos.com/pic/6f061d950a7b02082fe9cbca6fd9f2d3572cc8fd?x-bce-process=image/resize,m_lfit,w_268,limit_1/format,f_jpg
橘未稀,中文名,橘未稀
橘未稀,身高,165
橘未稀,体重,null
橘未稀,三围,83-58-87
橘未稀,出生日期,1976/4/17
橘未稀,星座,null
橘未稀,代表作品,null
橘未稀,链接,https://baike.baidu.com/item/%E6%A9%98%E6%9C%AA%E7%A8%80
橘未稀,照片,https://bkimg.cdn.bcebos.com/pic/42a98226cffc1e17afc16bcd4090f603728de9d4?x-bce-process=image/resize,m_lfit,w_268,limit_1/format,f_jpg
藤井雪莉,中文名,藤井雪莉
藤井雪莉,身高,158CM
藤井雪莉,体重,null
藤井雪莉,三围,86、58、86（CM）
藤井雪莉,出生日期,1990年02月18日
藤井雪莉,星座,null
藤井雪莉,代表作品,null
藤井雪莉,链接,https://baike.baidu.com/item/%E8%97%A4%E4%BA%95%E9%9B%AA%E8%8E%89
藤井雪莉,照片,https://bkimg.cdn.bcebos.com/pic/b3fb43166d224f4a60d9ac6206f790529822d17b?x-bce-process=image/resize,m_lfit,w_268,limit_1/format,f_jpg
田畑百子,中文名,田畑百子
田畑百子,身高,null
田畑百子,体重,null
田畑百子,三围,B78 W56 H83
田畑百子,出生日期,1979年7月28日
田畑百子,星座,null
田畑百子,代表作品,null
田畑百子,链接,https://baike.baidu.com/item/%E7%94%B0%E7%95%91%E7%99%BE%E5%AD%90
田畑百子,照片,https://bkimg.cdn.bcebos.com/pic/fc1f4134970a304e273824d2d2c8a786c9175cfb?x-bce-process=image/resize,m_lfit,w_268,limit_1/format,f_jpg
吉崎直绪,中文名,吉崎直绪
吉崎直绪,身高,163CM
吉崎直绪,体重,null
吉崎直绪,三围,87、57、85(Ecup)
吉崎直绪,出生日期,1985年12月20日
吉崎直绪,星座,射手座
吉崎直绪,代表作品,null
吉崎直绪,链接,https://baike.baidu.com/item/%E5%90%89%E5%B4%8E%E7%9B%B4%E7%BB%AA
吉崎直绪,照片,https://bkimg.cdn.bcebos.com/pic/30adcbef76094b36dd292a9da3cc7cd98d109d02?x-bce-process=image/resize,m_lfit,w_268,limit_1/format,f_jpg
爱叶渚,中文名,爱叶渚
爱叶渚,身高,null
爱叶渚,体重,null
爱叶渚,三围,null
爱叶渚,出生日期,null
爱叶渚,星座,null
爱叶渚,代表作品,null
爱叶渚,链接,https://baike.baidu.com/item/%E7%88%B1%E5%8F%B6%E6%B8%9A
爱叶渚,照片,https://bkimg.cdn.bcebos.com/pic/63d9f2d3572c11dfa764934b622762d0f703c224?x-bce-process=image/resize,m_lfit,w_268,limit_1/format,f_jpg
直嶋爱,中文名,直嶋爱
直嶋爱,身高,151厘米
直嶋爱,体重,null
直嶋爱,三围,B84・W56・H85
直嶋爱,出生日期,null
直嶋爱,星座,null
直嶋爱,代表作品,null
直嶋爱,链接,https://baike.baidu.com/item/%E7%9B%B4%E5%B6%8B%E7%88%B1
直嶋爱,照片,https://bkimg.cdn.bcebos.com/pic/f9198618367adab4b2d33a6589d4b31c8701e491?x-bce-process=image/resize,m_lfit,w_268,limit_1/format,f_jpg
菅野亚梨沙,中文名,菅野 亜梨沙
菅野亚梨沙,身高,160cm
菅野亚梨沙,体重,null
菅野亚梨沙,三围,B/83cm W/57cm H/83cm
菅野亚梨沙,出生日期,1983年12月9日
菅野亚梨沙,星座,射手座
菅野亚梨沙,代表作品,null
菅野亚梨沙,链接,https://baike.baidu.com/item/%E8%8F%85%E9%87%8E%E4%BA%9A%E6%A2%A8%E6%B2%99
菅野亚梨沙,照片,https://bkimg.cdn.bcebos.com/pic/37d3d539b6003af30b77c0d4372ac65c1138b6b0?x-bce-process=image/resize,m_lfit,w_268,limit_1/format,f_jpg
秋元美由,中文名,秋元美由
秋元美由,身高,159cm
秋元美由,体重,null
秋元美由,三围,78、58、85
秋元美由,出生日期,1990年2月16日
秋元美由,星座,null
秋元美由,代表作品,null
秋元美由,链接,https://baike.baidu.com/item/%E7%A7%8B%E5%85%83%E7%BE%8E%E7%94%B1
秋元美由,照片,https://bkimg.cdn.bcebos.com/pic/8435e5dde71190efd56b40d0ce1b9d16fdfa6029?x-bce-process=image/resize,m_lfit,w_268,limit_1/format,f_jpg
莲井志帆,中文名,莲井志帆
莲井志帆,身高,153厘米
莲井志帆,体重,null
莲井志帆,三围,null
莲井志帆,出生日期,1987年3月22日
莲井志帆,星座,null
莲井志帆,代表作品,写真DVD《着エロ》
莲井志帆,链接,https://baike.baidu.com/item/%E8%8E%B2%E4%BA%95%E5%BF%97%E5%B8%86
莲井志帆,照片,https://bkimg.cdn.bcebos.com/pic/4034970a304e251ff83d9108ad86c9177e3e5373?x-bce-process=image/resize,m_lfit,w_268,limit_1/format,f_jpg
铃木杏里,中文名,铃木杏里
铃木杏里,身高,null
铃木杏里,体重,null
铃木杏里,三围,T167 B88 W59 H87
铃木杏里,出生日期,1985年12月11日
铃木杏里,星座,null
铃木杏里,代表作品,null
铃木杏里,链接,https://baike.baidu.com/item/%E9%93%83%E6%9C%A8%E6%9D%8F%E9%87%8C
铃木杏里,照片,https://bkimg.cdn.bcebos.com/pic/f703738da97739129eae649aff198618377ae245?x-bce-process=image/resize,m_lfit,w_268,limit_1/format,f_jpg
妃悠爱,中文名,妃悠爱
妃悠爱,身高,154厘米
妃悠爱,体重,null
妃悠爱,三围,74-54-72cm
妃悠爱,出生日期,1980年12月1日
妃悠爱,星座,null
妃悠爱,代表作品,null
妃悠爱,链接,https://baike.baidu.com/item/%E5%A6%83%E6%82%A0%E7%88%B1
妃悠爱,照片,https://bkimg.cdn.bcebos.com/pic/b3fb43166d224f4a2d3a6e020df790529822d17b?x-bce-process=image/resize,m_lfit,w_268,limit_1/format,f_jpg
小樱沙树,中文名,小桜沙树
小樱沙树,身高,null
小樱沙树,体重,null
小樱沙树,三围,null
小樱沙树,出生日期,null
小樱沙树,星座,null
小樱沙树,代表作品,null
小樱沙树,链接,https://baike.baidu.com/item/%E5%B0%8F%E6%A8%B1%E6%B2%99%E6%A0%91
小樱沙树,照片,https://bkimg.cdn.bcebos.com/pic/4610b912c8fcc3ce5843d9a99845d688d53f20ac?x-bce-process=image/resize,m_lfit,w_268,limit_1/format,f_jpg
桐岛葵,中文名,null
桐岛葵,身高,null
桐岛葵,体重,null
桐岛葵,三围,null
桐岛葵,出生日期,null
桐岛葵,星座,null
桐岛葵,代表作品,null
桐岛葵,链接,https://baike.baidu.com/item/%E6%A1%90%E5%B2%9B%E8%91%B5/85319
桐岛葵,照片,null
美优千奈,中文名,美优千奈
美优千奈,身高,null
美优千奈,体重,null
美优千奈,三围,null
美优千奈,出生日期,1987年5月17日
美优千奈,星座,null
美优千奈,代表作品,null
美优千奈,链接,https://baike.baidu.com/item/%E7%BE%8E%E4%BC%98%E5%8D%83%E5%A5%88
美优千奈,照片,https://bkimg.cdn.bcebos.com/pic/dcc451da81cb39dbe637d52dd3160924aa1830d1?x-bce-process=image/resize,m_lfit,w_268,limit_1/format,f_jpg
并木优,中文名,并木优
并木优,身高,null
并木优,体重,null
并木优,三围,null
并木优,出生日期,1989年03月03日
并木优,星座,双鱼座
并木优,代表作品,初花
并木优,链接,https://baike.baidu.com/item/%E5%B9%B6%E6%9C%A8%E4%BC%98
并木优,照片,https://bkimg.cdn.bcebos.com/pic/b3119313b07eca80aab0943f912397dda04483b5?x-bce-process=image/resize,m_lfit,w_268,limit_1/format,f_jpg
藤井彩,中文名,藤井彩
藤井彩,身高,156CM
藤井彩,体重,null
藤井彩,三围,85、58、89（CM）
藤井彩,出生日期,1984年05月29日
藤井彩,星座,null
藤井彩,代表作品,《THE DOG GAME 2》
藤井彩,链接,https://baike.baidu.com/item/%E8%97%A4%E4%BA%95%E5%BD%A9
藤井彩,照片,https://bkimg.cdn.bcebos.com/pic/a71ea8d3fd1f4134dbfe6ea92f1f95cad0c85e1f?x-bce-process=image/resize,m_lfit,w_268,limit_1/format,f_jpg
南沙也香,中文名,有泽莉纱
南沙也香,身高,161cm
南沙也香,体重,46kg
南沙也香,三围,null
南沙也香,出生日期,1986年12月17号
南沙也香,星座,射手座
南沙也香,代表作品,null
南沙也香,链接,https://baike.baidu.com/item/%E5%8D%97%E6%B2%99%E4%B9%9F%E9%A6%99
南沙也香,照片,https://bkimg.cdn.bcebos.com/pic/d009b3de9c82d1588c2b044b800a19d8bd3e429a?x-bce-process=image/resize,m_lfit,w_268,limit_1/format,f_jpg
前田香织,中文名,前田香织
前田香织,身高,160 cm
前田香织,体重,null
前田香织,三围,84D - 56 - 80 cm
前田香织,出生日期,1990年9月8日
前田香织,星座,处女座
前田香织,代表作品,null
前田香织,链接,https://baike.baidu.com/item/%E5%89%8D%E7%94%B0%E9%A6%99%E7%BB%87
前田香织,照片,https://bkimg.cdn.bcebos.com/pic/14ce36d3d539b60065b8c642e950352ac75cb7d5?x-bce-process=image/resize,m_lfit,w_268,limit_1/format,f_jpg
藤崎里绪,中文名,藤崎里绪
藤崎里绪,身高,155cm
藤崎里绪,体重,35kg
藤崎里绪,三围,null
藤崎里绪,出生日期,1988年12月29日
藤崎里绪,星座,摩羯座
藤崎里绪,代表作品,null
藤崎里绪,链接,https://baike.baidu.com/item/%E8%97%A4%E5%B4%8E%E9%87%8C%E7%BB%AA
藤崎里绪,照片,https://bkimg.cdn.bcebos.com/pic/0e2442a7d933c895d94e4f3ad11373f0820200ba?x-bce-process=image/resize,m_lfit,w_268,limit_1/format,f_jpg
观月雏乃,中文名,观月雏乃（日文： 観月ひなの）
观月雏乃,身高,1.62米
观月雏乃,体重,null
观月雏乃,三围,80cm(31)C-57cm(22)-84cm(34)
观月雏乃,出生日期,1982年2月11日
观月雏乃,星座,null
观月雏乃,代表作品,null
观月雏乃,链接,https://baike.baidu.com/item/%E8%A7%82%E6%9C%88%E9%9B%8F%E4%B9%83
观月雏乃,照片,https://bkimg.cdn.bcebos.com/pic/1e30e924b899a901bc6f42501c950a7b0208f57a?x-bce-process=image/resize,m_lfit,w_268,limit_1/format,f_jpg
青山沙希,中文名,青山沙希
青山沙希,身高,1.77米
青山沙希,体重,null
青山沙希,三围,null
青山沙希,出生日期,1990年8月25日
青山沙希,星座,null
青山沙希,代表作品,null
青山沙希,链接,https://baike.baidu.com/item/%E9%9D%92%E5%B1%B1%E6%B2%99%E5%B8%8C
青山沙希,照片,https://bkimg.cdn.bcebos.com/pic/0df3d7ca7bcb0a46951d6cb16163f6246b60af7f?x-bce-process=image/resize,m_lfit,w_268,limit_1/format,f_jpg
浅乃晴美,中文名,浅乃晴美
浅乃晴美,身高,158 厘米
浅乃晴美,体重,null
浅乃晴美,三围,91 - 58 - 83 cm,G罩杯
浅乃晴美,出生日期,1986年4月6日
浅乃晴美,星座,白羊座
浅乃晴美,代表作品,null
浅乃晴美,链接,https://baike.baidu.com/item/%E6%B5%85%E4%B9%83%E6%99%B4%E7%BE%8E
浅乃晴美,照片,https://bkimg.cdn.bcebos.com/pic/bf096b63f6246b60908e19d7e5f81a4c500fa295?x-bce-process=image/resize,m_lfit,w_268,limit_1/format,f_jpg
仁科沙也加,中文名,仁科沙也加
仁科沙也加,身高,153cm
仁科沙也加,体重,null
仁科沙也加,三围,B83（Dカップ-65）W58H86cm
仁科沙也加,出生日期,1987年12月11日
仁科沙也加,星座,null
仁科沙也加,代表作品,null
仁科沙也加,链接,https://baike.baidu.com/item/%E4%BB%81%E7%A7%91%E6%B2%99%E4%B9%9F%E5%8A%A0
仁科沙也加,照片,https://bkimg.cdn.bcebos.com/pic/14ce36d3d539b6006571cef1e150352ac65cb73d?x-bce-process=image/resize,m_lfit,w_268,limit_1/format,f_jpg
石原莉奈,中文名,石原莉奈
石原莉奈,身高,155厘米
石原莉奈,体重,null
石原莉奈,三围,B85 / W56 / H84
石原莉奈,出生日期,1987年8月29日
石原莉奈,星座,处女座
石原莉奈,代表作品,null
石原莉奈,链接,https://baike.baidu.com/item/%E7%9F%B3%E5%8E%9F%E8%8E%89%E5%A5%88
石原莉奈,照片,https://bkimg.cdn.bcebos.com/pic/1ad5ad6eddc451da8862fc39bcfd5266d116324f?x-bce-process=image/resize,m_lfit,w_268,limit_1/format,f_jpg
杉浦美由,中文名,杉浦美由
杉浦美由,身高,153cm
杉浦美由,体重,null
杉浦美由,三围,83、57、86（cm）
杉浦美由,出生日期,1984年4月1日
杉浦美由,星座,白羊座
杉浦美由,代表作品,null
杉浦美由,链接,https://baike.baidu.com/item/%E6%9D%89%E6%B5%A6%E7%BE%8E%E7%94%B1
杉浦美由,照片,https://bkimg.cdn.bcebos.com/pic/4a36acaf2edda3ccd35532d10be93901203f928a?x-bce-process=image/resize,m_lfit,w_268,limit_1/format,f_jpg
小森美树,中文名,小森美树
小森美树,身高,158cm
小森美树,体重,null
小森美树,三围,B90 W58 H86（ E）
小森美树,出生日期,1982年8月12日
小森美树,星座,狮子座
小森美树,代表作品,null
小森美树,链接,https://baike.baidu.com/item/%E5%B0%8F%E6%A3%AE%E7%BE%8E%E6%A0%91
小森美树,照片,https://bkimg.cdn.bcebos.com/pic/43a7d933c895d1438eb611267bf082025baf07f6?x-bce-process=image/resize,m_lfit,w_268,limit_1/format,f_jpg
长谷川美红,中文名,长谷川美红
长谷川美红,身高,null
长谷川美红,体重,null
长谷川美红,三围,85 - 60 - 86 cm
长谷川美红,出生日期,1980年4月2日
长谷川美红,星座,null
长谷川美红,代表作品,null
长谷川美红,链接,https://baike.baidu.com/item/%E9%95%BF%E8%B0%B7%E5%B7%9D%E7%BE%8E%E7%BA%A2
长谷川美红,照片,https://bkimg.cdn.bcebos.com/pic/3b292df5e0fe99251654b46133a85edf8db171a3?x-bce-process=image/resize,m_lfit,w_268,limit_1/format,f_jpg
前田优希,中文名,前田优希
前田优希,身高,154cm
前田优希,体重,null
前田优希,三围,B97cm W59cm H88cm
前田优希,出生日期,1990年5月25日
前田优希,星座,null
前田优希,代表作品,null
前田优希,链接,https://baike.baidu.com/item/%E5%89%8D%E7%94%B0%E4%BC%98%E5%B8%8C
前田优希,照片,https://bkimg.cdn.bcebos.com/pic/a6efce1b9d16fdfa160b3f7ebe8f8c5494ee7b3f?x-bce-process=image/resize,m_lfit,w_268,limit_1/format,f_jpg
原纱央莉,中文名,原纱央莉
原纱央莉,身高,165公分
原纱央莉,体重,null
原纱央莉,三围,85、61、85（E罩杯）
原纱央莉,出生日期,1988年1月1日
原纱央莉,星座,null
原纱央莉,代表作品,null
原纱央莉,链接,https://baike.baidu.com/item/%E5%8E%9F%E7%BA%B1%E5%A4%AE%E8%8E%89
原纱央莉,照片,https://bkimg.cdn.bcebos.com/pic/b7fd5266d0160924150581cdde0735fae7cd34c7?x-bce-process=image/resize,m_lfit,w_268,limit_1/format,f_jpg
羽月希,中文名,羽月希
羽月希,身高,154cm 鞋尺码：23 cm
羽月希,体重,null
羽月希,三围,B88-W58-H86 罩杯：F
羽月希,出生日期,1988年7月31日
羽月希,星座,狮子座
羽月希,代表作品,null
羽月希,链接,https://baike.baidu.com/item/%E7%BE%BD%E6%9C%88%E5%B8%8C
羽月希,照片,https://bkimg.cdn.bcebos.com/pic/d058ccbf6c81800a572de1f8b13533fa838b477f?x-bce-process=image/resize,m_lfit,w_268,limit_1/format,f_jpg
濑户由衣,中文名,濑户由衣
濑户由衣,身高,160cm
濑户由衣,体重,null
濑户由衣,三围,null
濑户由衣,出生日期,1983年2月16日
濑户由衣,星座,null
濑户由衣,代表作品,null
濑户由衣,链接,https://baike.baidu.com/item/%E6%BF%91%E6%88%B7%E7%94%B1%E8%A1%A3
濑户由衣,照片,https://bkimg.cdn.bcebos.com/pic/c995d143ad4bd1134c4e26db50afa40f4afb0553?x-bce-process=image/resize,m_lfit,w_268,limit_1/format,f_jpg
朝田芭娜娜,中文名,朝田芭娜娜
朝田芭娜娜,身高,163 厘米
朝田芭娜娜,体重,null
朝田芭娜娜,三围,null
朝田芭娜娜,出生日期,null
朝田芭娜娜,星座,null
朝田芭娜娜,代表作品,null
朝田芭娜娜,链接,https://baike.baidu.com/item/%E6%9C%9D%E7%94%B0%E8%8A%AD%E5%A8%9C%E5%A8%9C
朝田芭娜娜,照片,https://bkimg.cdn.bcebos.com/pic/e1fe9925bc315c607c2d0ea18eb1cb13485477c7?x-bce-process=image/resize,m_lfit,w_268,limit_1/format,f_jpg
石黑京香,中文名,石黑京香
石黑京香,身高,165 厘米
石黑京香,体重,null
石黑京香,三围,null
石黑京香,出生日期,null
石黑京香,星座,null
石黑京香,代表作品,null
石黑京香,链接,https://baike.baidu.com/item/%E7%9F%B3%E9%BB%91%E4%BA%AC%E9%A6%99
石黑京香,照片,https://bkimg.cdn.bcebos.com/pic/c2fdfc039245d688f38e20d7a4c27d1ed21b2430?x-bce-process=image/resize,m_lfit,w_268,limit_1/format,f_jpg
麻生希,中文名,麻生希
麻生希,身高,170cm
麻生希,体重,null
麻生希,三围,null
麻生希,出生日期,1988年12月20日
麻生希,星座,射手座
麻生希,代表作品,《3D豪情》等
麻生希,链接,https://baike.baidu.com/item/%E9%BA%BB%E7%94%9F%E5%B8%8C
麻生希,照片,https://bkimg.cdn.bcebos.com/pic/f703738da9773912d7a72858f4198618367ae202?x-bce-process=image/resize,m_lfit,w_268,limit_1/format,f_jpg
